id,laptop_ID,Inches,Ram,Weight,Company_enc,Type_enc,Sys_enc,Screen_Enc,Memory_Enc,CPU_enc,GPU_enc,Price_euros
268,1002,15.6,8,2.36,4,3,5,0,9,85,24,749.0
347,867,15.6,4,2.0,2,3,5,0,9,100,35,449.0
353,966,13.3,8,1.2,16,3,7,8,15,59,38,1460.0
578,767,15.6,16,4.42,4,1,5,12,17,89,66,2868.99
42,1241,12.5,8,1.26,4,4,7,7,15,61,38,1713.37
867,376,15.6,12,2.26,2,0,5,7,30,85,61,1099.0
1136,60,15.6,4,2.0,2,3,2,8,15,48,38,415.0
609,1157,15.6,8,2.4,11,1,5,8,4,89,62,1142.8
474,110,14.0,8,1.3,2,4,5,14,15,85,59,1193.0
838,1263,15.6,16,2.5,2,1,5,14,17,89,63,1600.0
851,1243,15.6,4,2.65,2,3,5,0,9,99,33,309.0
904,79,15.6,8,2.02,4,3,5,8,4,93,50,855.0
355,957,15.6,8,2.2,16,3,5,0,15,59,38,1119.0
44,579,15.6,6,1.95,7,3,5,14,15,12,5,649.0
36,834,14.0,4,1.75,16,3,5,0,3,95,36,499.0
971,82,15.6,8,1.88,4,4,5,14,15,72,50,1096.16
938,159,14.0,4,1.74,10,0,5,13,15,51,42,629.0
718,332,15.6,6,2.23,0,3,5,0,9,63,42,549.0
518,617,15.6,32,2.5,10,3,5,12,11,103,85,4899.0
1126,172,17.3,8,3.0,0,3,5,14,15,72,79,854.0
51,1097,10.1,4,0.69,10,0,5,25,32,27,32,646.27
772,717,17.3,6,2.71,7,3,5,14,21,0,5,655.01
1001,814,12.5,8,1.26,7,2,5,0,15,67,42,1389.0
330,202,17.3,16,3.35,7,1,5,14,17,89,62,1379.0
66,405,15.6,8,1.78,4,5,5,5,15,89,82,2712.0
829,41,15.6,4,2.0,2,3,2,8,9,48,42,389.0
1129,741,15.6,4,2.4,0,3,5,0,25,63,42,559.0
1197,983,15.6,6,2.4,10,3,5,8,15,63,54,695.0
171,407,15.6,4,2.2,10,3,5,0,9,33,34,306.0
233,323,14.0,8,1.95,7,3,5,8,15,63,42,980.0
205,166,15.6,8,2.13,4,3,5,8,15,72,4,728.0
361,309,15.6,8,2.5,2,1,5,8,4,89,63,1265.0
1250,1276,15.6,8,2.32,10,3,7,8,1,77,15,895.0
707,910,15.6,4,2.18,4,3,5,0,9,46,17,614.0
884,919,15.6,4,2.2,0,3,1,14,6,28,31,359.0
1071,1258,15.6,6,2.2,10,3,5,8,15,4,5,597.57
95,895,15.6,4,2.2,4,3,5,0,25,99,31,369.0
745,1190,15.6,4,2.2,2,3,5,0,25,30,31,369.0
899,37,15.6,4,2.1,0,3,2,0,9,52,42,367.0
313,333,15.6,8,1.7,2,4,5,8,15,85,59,1049.9
1063,933,15.6,8,2.2,11,1,5,8,4,66,62,1119.91
193,1066,15.6,8,2.3,4,0,5,13,15,65,42,1094.0
625,25,15.6,8,1.91,7,4,5,8,15,93,42,659.0
142,429,15.6,8,2.31,7,3,5,8,15,91,44,1427.0
243,685,11.6,8,1.4,7,0,1,31,32,33,34,495.0
1214,341,14.0,8,1.48,7,3,5,8,15,67,42,1268.0
1047,26,15.6,4,2.3,4,3,5,0,9,48,38,418.64
648,882,15.6,4,2.2,10,3,4,8,9,48,18,479.0
34,7,15.4,16,2.04,1,4,3,22,14,73,49,2139.97
804,1100,14.0,4,1.54,7,3,7,8,25,59,38,1030.99
872,555,15.6,4,1.86,7,3,5,8,25,48,38,397.0
1297,1166,15.6,8,1.88,7,3,7,8,15,59,38,1579.0
192,720,15.6,8,1.98,4,3,2,8,9,63,42,726.0
451,443,15.6,4,2.1,7,3,5,0,25,32,32,347.0
894,997,15.6,4,2.3,5,3,5,0,15,59,38,649.0
961,1051,14.0,8,1.47,16,4,5,14,15,79,38,1725.0
1168,762,14.0,4,1.7,10,4,5,8,8,59,38,1096.0
966,1238,15.6,8,2.3,10,3,5,14,15,79,38,1529.0
794,633,14.0,2,1.4,12,3,5,8,22,26,31,239.0
763,417,15.6,8,2.67,10,5,5,8,27,89,82,1925.0
946,109,15.6,4,1.85,10,3,5,8,9,48,38,414.9
1298,473,15.6,4,2.2,0,3,5,0,25,48,70,469.0
715,1147,14.0,4,1.5,2,3,5,0,22,33,34,278.0
762,212,13.3,8,1.2,4,4,5,8,15,93,50,1449.0
1101,795,15.6,8,2.2,11,1,5,8,4,66,62,1089.0
994,1004,12.5,8,0.97,7,2,5,8,27,40,37,1908.0
528,434,14.0,8,1.6,4,4,2,8,15,87,42,1099.0
926,1219,15.6,8,2.2,10,3,4,0,25,77,54,629.0
791,1106,15.6,4,1.86,7,3,4,0,9,48,38,345.99
351,963,14.0,4,1.68,0,3,1,0,22,32,32,349.0
166,1052,15.6,8,2.09,4,3,7,8,15,61,38,1062.95
1196,168,15.6,4,2.1,0,3,5,0,9,33,34,348.0
1056,320,15.6,8,2.33,4,3,5,8,4,72,5,844.0
909,200,17.3,32,3.49,14,1,5,5,11,90,68,6099.0
1189,681,15.6,4,2.2,10,3,5,0,3,18,9,349.0
654,1092,17.3,16,3.78,11,1,5,8,17,89,66,2499.0
968,670,15.6,4,2.2,10,3,5,8,25,59,38,535.0
1027,1164,12.5,8,1.26,7,4,7,8,15,76,38,2296.95
217,759,11.6,4,1.4,10,2,5,31,3,32,32,475.0
1224,657,12.5,8,1.36,10,4,5,14,15,85,42,1584.0
559,189,17.3,16,2.77,4,3,5,7,27,93,52,1549.0
136,517,13.3,8,1.29,4,4,5,13,3,63,42,899.0
420,198,13.3,8,1.62,4,0,5,13,9,93,50,839.0
54,498,13.3,32,1.05,16,4,5,7,27,85,42,2799.0
788,127,15.6,4,2.1,0,3,5,0,15,11,12,451.0
628,765,15.6,8,2.2,7,3,5,14,4,66,62,1099.0
1215,274,15.6,8,2.05,10,3,5,8,15,93,50,880.0
396,1168,15.6,4,1.9,10,3,4,0,9,46,38,339.0
1083,1320,15.6,4,2.2,2,3,5,0,25,30,31,369.0
20,858,13.3,8,1.28,7,0,5,7,15,63,42,2277.0
1263,94,13.3,16,1.49,7,3,5,8,27,93,50,1197.0
258,908,15.6,8,2.62,4,1,2,8,9,89,64,929.0
159,950,15.6,4,2.18,4,3,5,0,9,46,38,558.6
572,959,15.6,16,2.5,10,1,5,14,29,19,26,999.0
374,538,15.6,8,2.0,16,3,5,14,25,63,42,860.0
25,1142,12.5,8,1.26,7,4,7,0,15,61,38,1895.0
345,796,15.6,4,2.4,10,1,5,14,9,89,62,999.0
827,813,11.6,4,1.63,4,2,5,0,3,100,35,744.0
661,525,15.6,8,2.04,7,3,5,8,15,63,57,889.0
102,603,13.3,8,1.37,10,0,5,13,27,85,42,2025.0
185,596,17.3,8,2.73,2,1,5,14,4,66,65,1770.0
69,233,17.3,8,2.69,2,3,5,8,20,63,71,891.0
327,169,15.6,16,2.4,11,1,5,14,17,89,65,1799.0
439,899,11.6,4,1.25,0,2,1,9,22,32,32,297.0
662,263,17.3,16,4.14,11,1,5,8,29,89,66,2499.0
799,242,15.6,4,2.2,2,3,5,8,4,1,18,575.0
555,267,15.6,4,2.1,7,3,5,14,25,72,42,722.0
40,781,14.0,4,1.75,16,3,5,9,3,59,38,1020.0
1110,1289,13.3,16,1.3,10,0,5,17,27,77,38,1499.0
998,375,14.0,8,1.36,7,4,5,14,15,85,42,1750.0
500,1121,17.3,8,2.9,11,1,5,8,4,80,73,1511.19
734,644,13.3,8,1.23,4,4,5,27,15,72,50,1869.0
974,484,14.0,8,1.7,10,3,5,8,8,63,42,1364.0
117,896,13.3,4,1.28,7,0,5,7,15,63,42,1799.0
392,1030,15.6,4,2.04,7,3,5,0,15,51,42,769.99
1060,520,15.6,16,2.2,4,3,5,8,19,93,5,1219.24
613,810,15.6,8,2.37,2,3,5,8,15,63,42,1099.0
711,119,14.0,8,1.63,7,3,5,8,27,93,50,1084.0
1245,1016,15.6,4,2.18,4,3,5,0,3,51,42,547.0
639,412,14.0,8,1.1,2,4,5,8,27,85,42,1873.0
9,165,17.3,4,3.0,0,3,5,14,15,72,79,805.0
1213,712,15.6,4,1.9,10,3,4,0,25,48,38,450.0
535,432,15.6,8,2.62,4,1,5,14,4,89,63,1159.0
155,1206,13.3,8,1.23,4,4,2,27,15,61,38,1099.0
1074,561,17.3,8,2.63,7,3,5,8,9,85,57,1280.0
472,599,11.6,4,1.39,4,0,5,31,3,41,41,603.0
47,601,17.3,4,2.8,10,3,4,8,25,48,38,529.0
5,132,17.3,8,2.5,7,3,5,8,15,72,50,928.0
466,1139,15.6,4,2.0,2,3,5,0,9,51,42,435.0
712,129,14.0,8,1.63,7,3,5,8,9,72,50,812.0
212,838,14.0,8,1.5,0,3,5,14,3,51,42,619.0
1067,3,15.6,8,1.86,7,3,4,8,15,63,42,575.0
785,371,15.6,8,2.04,7,3,5,0,21,99,33,389.0
332,806,15.6,8,1.95,4,3,5,0,3,63,42,810.0
1199,625,15.6,16,2.94,11,1,5,8,17,89,66,2267.86
412,298,15.6,8,2.0,4,3,5,8,15,89,62,1829.0
200,424,14.0,8,1.43,7,4,5,8,15,77,38,1500.0
509,337,15.6,8,2.0,16,3,5,14,15,63,42,943.0
411,1247,15.6,8,2.2,11,1,5,8,4,89,62,1149.0
627,878,13.3,8,1.37,10,0,5,13,15,85,42,1950.0
1088,347,15.6,12,2.2,10,3,5,8,21,4,5,899.0
881,939,15.6,4,1.95,4,3,5,0,25,59,38,729.9
914,984,13.3,16,1.22,4,0,5,27,27,92,41,1899.0
690,187,15.6,8,2.0,16,3,5,0,3,63,42,793.0
111,478,15.6,8,1.9,7,3,5,8,25,63,0,1154.0
26,989,15.6,8,2.04,7,3,5,14,4,64,57,979.0
375,559,17.3,16,4.42,4,1,5,14,17,89,66,2699.0
289,1213,15.6,12,2.21,7,3,5,14,4,89,62,1327.0
1007,142,13.3,4,1.32,7,3,5,14,15,63,42,699.0
476,1141,10.1,4,0.69,10,0,5,25,32,27,32,479.0
475,64,14.0,8,1.4,2,3,5,8,15,72,50,941.0
125,410,15.6,8,2.5,0,3,2,8,15,89,62,879.0
1154,859,14.0,8,1.54,7,4,5,8,27,77,38,1468.0
1184,359,15.6,8,2.6,7,5,5,8,15,89,82,1738.27
322,574,15.6,8,2.2,5,3,5,0,9,63,42,739.0
280,885,15.0,16,1.23,15,4,5,8,15,85,59,1849.0
63,125,15.6,8,2.2,10,3,4,8,15,63,59,629.0
547,862,15.6,16,2.1,2,1,5,8,4,89,65,1899.0
1293,322,13.3,4,1.45,10,3,1,0,6,29,36,459.9
536,241,15.6,4,2.1,0,3,2,0,9,48,38,390.0
687,155,15.6,4,1.9,10,3,5,0,3,63,42,498.0
1023,98,15.6,8,2.2,4,3,2,8,9,85,18,599.9
210,1123,15.6,4,2.1,7,3,5,8,9,5,10,398.0
657,588,15.6,8,1.9,4,3,5,0,25,67,42,1008.52
671,388,15.6,8,2.3,2,1,5,14,4,89,65,1655.0
194,1091,15.6,4,2.3,10,3,5,14,9,60,71,977.0
672,325,14.0,8,1.48,7,3,5,8,15,85,42,1292.0
1152,956,15.6,4,2.23,0,3,5,0,25,63,42,619.0
201,156,17.3,16,2.8,11,1,5,8,17,89,65,1890.0
792,76,14.0,8,2.1,0,3,5,0,9,48,38,389.0
306,650,14.0,16,1.14,10,4,5,14,27,85,42,2450.0
828,231,15.6,16,2.3,4,3,5,7,9,85,24,859.01
1055,918,12.5,8,1.26,7,2,5,8,27,85,42,1483.0
813,731,17.3,32,4.36,4,1,5,6,12,89,66,3659.4
1000,420,13.3,8,1.6,0,0,5,13,15,77,38,789.01
110,1000,15.6,8,2.04,7,3,5,8,9,63,42,806.0
399,453,15.6,4,2.4,0,3,2,0,25,63,42,441.8
636,1192,15.6,8,2.2,10,3,4,8,9,85,59,709.0
1264,157,14.0,4,1.48,7,4,5,8,15,69,42,1082.0
318,167,15.6,16,2.5,10,1,5,14,15,89,63,1079.0
172,1237,14.0,8,1.2,0,0,5,13,15,92,41,1149.0
293,289,15.6,8,3.0,0,3,5,14,15,93,79,951.0
138,1146,14.0,8,1.8,10,0,7,13,27,79,87,2050.38
747,1256,15.6,8,2.3,11,1,5,8,4,80,73,1169.0
801,1064,14.0,16,1.1,10,3,7,10,15,79,38,2620.0
45,414,14.0,8,1.36,4,4,5,8,27,87,31,1680.0
1262,245,15.6,8,2.2,10,3,5,0,3,48,38,589.0
923,239,13.3,8,1.6,0,0,5,13,15,59,38,689.0
879,1226,17.3,8,3.3,0,3,5,2,9,46,59,629.0
931,1035,13.3,8,1.2,16,4,5,8,15,59,38,1590.0
730,1222,15.6,8,2.2,2,1,5,8,9,80,65,1169.0
55,430,15.6,8,2.3,2,3,2,8,9,51,59,597.0
373,1177,13.3,8,1.48,7,0,5,34,27,79,38,2041.0
603,925,15.6,6,2.2,10,3,5,8,15,85,59,789.0
197,906,13.3,8,1.05,16,3,5,8,15,63,42,1475.0
599,442,17.3,8,3.2,2,1,5,8,17,21,29,1695.0
1258,797,17.3,16,4.2,0,1,5,14,17,89,65,2299.0
682,116,14.0,4,1.63,7,3,5,9,25,72,50,722.0
752,10,14.0,8,1.6,0,4,5,14,15,72,50,770.0
283,563,13.3,4,1.35,12,3,5,14,22,26,31,255.0
1205,883,15.6,8,2.0,16,3,5,14,15,85,42,1388.0
1237,1216,15.6,4,2.1,0,3,2,0,9,34,34,272.0
28,994,15.6,12,2.19,4,0,5,13,27,85,42,1299.0
809,56,15.6,8,2.13,4,3,5,8,15,93,4,767.8
1274,565,15.6,6,1.91,7,3,5,14,3,1,5,568.9
532,89,15.6,8,1.96,7,3,5,8,15,63,42,598.99
1167,1249,14.0,16,1.95,14,1,5,8,11,89,65,3499.0
942,506,15.6,8,2.3,10,3,5,14,15,63,42,911.0
638,123,15.6,6,2.1,0,3,5,13,9,51,42,479.0
739,909,15.6,8,2.04,7,3,5,8,9,85,57,900.0
1181,235,15.6,4,2.37,2,3,5,0,9,51,42,398.99
109,1274,17.3,16,4.0,2,1,5,14,4,80,75,1900.0
1235,853,15.6,8,2.18,4,3,5,0,3,63,42,713.99
640,935,15.6,8,1.84,7,4,5,8,15,77,22,1296.99
319,1266,15.6,8,2.3,10,3,4,14,15,63,42,573.0
1002,32,14.0,2,1.65,2,3,5,0,22,17,8,199.0
132,828,14.0,4,1.76,4,3,5,0,25,59,38,755.0
560,1286,11.6,2,1.17,7,2,5,0,22,32,32,209.0
601,689,15.6,4,1.86,2,3,5,0,3,33,34,419.0
495,851,17.3,32,4.42,4,1,5,14,29,89,66,3072.89
839,1012,15.6,16,2.5,2,1,5,8,17,89,63,1799.0
622,270,15.6,8,2.67,4,0,5,7,15,72,50,799.0
619,121,17.3,4,2.0,2,3,5,8,9,48,54,564.0
631,794,14.0,16,1.6,11,1,5,14,17,89,65,1891.0
515,197,17.3,8,2.8,10,3,4,2,15,72,79,698.0
869,686,15.6,8,1.09,9,4,5,14,27,93,42,2299.0
1068,1161,15.6,8,2.59,7,5,7,14,15,80,81,2229.0
99,985,14.0,8,1.5,4,4,5,34,15,79,38,1962.98
795,130,14.0,4,1.65,2,3,6,0,34,13,8,277.99
408,1303,13.3,16,1.3,10,0,5,17,27,77,38,1499.0
634,501,17.3,24,4.33,2,1,5,13,17,80,74,1269.0
489,6,15.6,4,2.1,0,3,5,0,25,11,12,400.0
544,358,17.3,8,2.7,11,1,5,8,4,89,65,1409.0
853,871,15.6,8,2.3,10,3,5,14,9,63,42,850.66
15,843,14.0,8,1.32,10,3,5,14,15,67,42,1650.0
485,914,13.3,16,1.22,4,0,5,7,15,92,41,1649.0
290,472,15.6,4,2.0,2,3,5,0,25,100,34,304.0
860,399,15.6,12,2.2,0,3,5,9,9,72,78,693.99
1206,1041,14.0,4,1.95,7,3,5,0,25,63,42,1060.0
1174,823,15.6,8,2.18,4,3,5,8,15,63,16,789.81
566,611,15.6,4,2.18,4,3,2,0,9,48,16,465.0
227,373,15.6,8,2.4,10,1,4,14,4,66,62,809.0
967,1312,15.6,6,2.04,7,3,5,8,1,9,23,549.99
423,836,14.0,4,1.76,4,3,5,0,25,48,38,585.0
1221,609,14.0,4,1.6,0,3,5,8,22,36,34,329.0
1116,936,13.3,8,1.39,7,4,5,27,15,85,42,1149.0
947,642,15.6,8,2.0,2,3,5,0,9,33,34,399.0
178,728,14.0,8,1.17,10,4,5,18,27,77,38,1686.64
580,719,14.0,8,1.64,4,3,2,8,15,68,57,1089.0
370,749,15.6,8,2.0,4,3,5,0,15,48,38,665.0
291,83,12.0,8,0.92,1,4,8,20,27,53,41,1510.0
652,143,17.3,4,3.0,0,3,5,14,9,52,78,655.0
349,1175,14.0,12,1.4,10,4,7,8,27,79,38,2299.0
23,2,13.3,8,1.34,1,4,8,1,2,55,40,898.94
956,180,15.6,4,2.1,0,3,5,0,3,48,38,449.0
996,560,17.3,8,2.65,7,3,5,2,9,48,38,544.15
1296,932,15.6,16,2.6,4,1,5,8,4,89,63,1349.0
482,1131,17.3,16,4.6,10,1,5,14,16,81,76,2749.99
650,677,15.6,4,2.1,0,3,2,0,3,48,38,412.0
624,616,14.0,4,1.6,0,3,5,0,2,99,33,349.0
888,118,13.3,8,1.26,7,0,5,13,15,72,50,1398.99
488,753,14.0,2,1.68,0,3,1,0,22,32,32,330.0
1238,422,15.6,4,2.3,4,3,2,8,15,63,18,598.9
154,668,14.0,8,1.56,4,3,5,8,15,61,38,1229.0
381,705,12.5,4,1.2,2,0,1,7,32,42,37,669.0
512,915,14.0,8,1.13,10,4,5,14,14,85,42,2049.0
494,785,15.6,16,2.5,10,3,7,6,27,82,83,2370.0
742,1034,15.6,4,2.08,4,0,5,13,9,50,38,795.99
61,372,17.3,8,2.8,4,3,5,8,4,72,5,1085.0
907,1038,15.6,8,2.09,4,3,5,8,25,61,38,1046.44
308,610,17.3,16,4.14,11,1,5,8,4,81,75,2199.0
72,1306,15.6,4,2.2,2,3,5,0,25,30,31,369.0
454,485,15.6,8,2.2,4,3,5,8,9,72,4,675.0
978,905,17.3,16,2.43,11,1,5,12,30,80,65,2649.0
581,587,14.0,4,1.45,12,3,5,14,24,36,34,389.0
1192,254,13.3,8,1.37,1,4,8,21,27,58,48,2040.0
1268,426,14.0,8,1.75,10,4,5,14,15,93,27,1215.38
1160,646,13.3,8,1.37,10,0,5,13,15,85,42,1757.42
1040,881,15.6,4,2.38,10,3,5,0,25,63,42,1055.0
658,542,15.6,8,1.93,4,3,5,8,15,87,57,1369.0
1018,1122,15.6,4,2.1,10,0,5,13,15,59,38,867.0
531,351,15.6,16,2.4,10,1,5,14,19,89,63,1129.0
723,886,12.5,8,1.6,4,4,5,8,15,87,42,1690.0
1077,313,15.6,8,2.3,10,3,5,8,4,63,59,819.0
877,1307,13.3,8,1.2,2,4,5,14,27,39,37,729.0
645,39,15.6,4,1.86,7,3,5,0,9,63,42,488.69
342,314,15.6,4,1.86,7,3,5,8,9,48,38,469.0
426,585,17.3,16,4.14,11,1,5,8,29,90,66,2729.0
753,716,14.0,8,1.8,10,3,5,8,15,60,38,1191.0
261,678,13.5,8,1.252,13,4,6,32,15,87,47,1867.85
395,803,12.0,8,0.92,1,4,3,20,26,38,39,1165.0
766,733,15.6,4,1.9,10,3,4,0,9,63,42,489.9
209,1242,15.0,4,2.08,4,0,5,7,25,51,42,509.0
1138,1254,14.0,8,1.54,7,4,7,4,15,77,38,2198.19
64,864,14.0,8,1.96,10,4,5,14,15,89,61,1903.0
1161,635,13.3,6,1.5,2,0,5,7,9,63,42,639.01
366,1136,13.3,8,1.16,7,3,5,8,15,59,38,1690.0
92,1104,15.6,4,2.4,0,3,5,0,25,8,12,387.0
50,924,12.5,8,1.09,7,4,5,5,13,40,37,3100.0
656,877,13.3,8,1.2,16,4,5,0,15,59,38,1095.0
606,1290,14.0,2,1.5,10,3,5,0,32,30,31,229.0
503,1194,15.6,4,2.32,10,3,7,8,1,77,38,825.0
1288,934,15.6,4,2.18,4,3,5,0,9,63,16,684.99
1193,1316,14.0,4,1.8,10,0,5,13,3,77,38,638.0
188,656,13.3,8,1.2,16,3,5,8,15,59,38,1213.0
945,970,13.3,8,1.24,4,0,5,7,15,70,41,1899.0
1024,68,15.6,4,1.86,7,3,5,0,25,48,4,438.69
53,691,17.3,4,2.5,7,3,5,14,15,48,13,699.0
981,632,15.6,8,2.2,10,3,5,8,9,85,54,899.0
1282,1246,15.6,16,2.6,10,1,5,13,4,80,73,1029.0
721,1240,15.6,6,2.1,7,3,5,8,9,3,5,529.0
441,1245,15.6,4,2.18,4,3,2,0,9,63,38,521.86
1222,106,13.3,8,1.38,7,4,5,14,15,85,79,1119.0
992,1165,15.6,8,2.18,4,3,5,8,15,85,59,1009.9
1271,319,11.6,2,1.1,2,0,5,31,22,33,34,275.0
546,1292,15.6,4,2.2,2,3,5,0,25,30,31,369.0
541,1060,14.0,8,1.43,7,3,7,8,15,59,38,1469.0
915,655,14.0,16,1.95,14,1,5,8,15,89,65,2599.0
543,938,13.3,8,1.37,10,0,5,13,27,63,42,1825.0
139,523,15.6,4,2.04,7,3,5,31,9,72,50,521.47
929,1285,15.6,8,2.3,4,3,2,0,9,85,18,805.99
565,1145,15.6,8,2.04,7,3,5,0,21,85,42,629.0
300,213,15.6,8,2.2,10,3,5,0,15,63,42,597.0
960,860,15.6,4,1.86,7,3,4,0,3,32,32,299.0
750,954,17.3,8,2.75,7,1,5,14,4,60,74,1399.0
362,763,15.6,4,2.37,2,3,5,0,15,85,42,849.9
808,706,13.3,16,1.36,16,4,5,7,27,77,38,1877.0
263,154,15.6,8,2.62,4,1,5,8,1,89,62,899.0
701,750,14.0,8,1.25,16,3,5,13,15,63,42,1535.0
549,703,11.6,4,1.4,0,2,5,0,22,30,31,269.0
530,775,17.3,4,2.8,2,3,5,0,9,100,54,470.34
1010,723,14.0,8,1.87,10,3,5,14,15,63,54,857.07
382,191,15.6,8,2.4,10,1,4,14,15,66,62,779.0
80,1172,15.6,8,2.04,4,3,5,23,15,60,60,2250.68
939,798,15.6,8,2.62,4,1,5,8,15,66,62,985.0
789,1037,14.0,8,1.64,7,3,5,8,15,85,57,1185.43
1239,1057,15.6,8,2.3,10,3,5,8,15,59,38,1049.6
871,357,15.6,8,1.84,7,3,5,8,15,85,42,1304.0
218,1025,12.5,4,1.26,7,4,5,8,25,63,42,1539.0
1182,29,15.6,8,1.88,4,4,5,8,18,94,50,1298.0
928,508,15.6,8,1.91,7,3,5,0,15,63,4,618.99
722,1181,15.6,8,2.2,10,3,5,0,9,46,38,459.0
126,105,15.6,8,2.2,4,3,2,8,9,72,4,647.0
486,395,14.0,16,1.42,10,0,5,34,27,85,42,2509.0
1230,312,15.6,8,2.2,16,3,5,14,15,77,56,1043.0
823,345,15.6,8,2.0,4,3,5,8,15,72,59,1142.75
1300,1111,15.6,8,2.36,4,3,5,8,9,63,24,638.8
1190,366,15.6,4,1.86,7,3,5,0,25,48,38,439.0
401,170,15.6,4,2.1,0,3,5,0,9,100,35,363.51
427,1,13.3,8,1.37,1,4,8,21,3,56,47,1339.69
990,1095,12.5,8,0.99,10,4,5,26,27,40,37,1399.0
1043,822,15.6,8,1.98,4,3,5,8,9,85,61,961.0
720,1031,17.3,16,2.4,10,3,7,12,27,82,80,2968.0
973,301,15.6,8,2.5,0,3,2,8,15,89,63,979.0
191,511,11.6,4,1.25,10,2,1,0,7,32,32,265.0
96,593,17.3,16,3.78,7,1,5,14,17,89,62,1498.0
1233,294,15.6,8,2.2,10,3,4,8,9,85,59,659.01
526,800,14.0,4,1.22,17,3,5,3,22,33,34,202.9
1122,527,15.6,8,3.2,10,1,5,14,17,89,65,1399.0
325,662,15.6,4,1.86,7,3,4,0,25,48,38,364.9
315,1283,15.6,8,2.6,10,3,5,14,9,80,73,899.0
554,624,15.6,8,1.84,7,4,5,8,27,85,42,1389.0
902,1155,15.6,8,1.88,7,4,7,8,15,77,38,2171.72
890,425,15.6,8,2.14,4,3,5,0,9,63,42,539.95
697,449,12.5,8,1.36,10,4,5,14,15,63,42,1429.0
709,1227,15.6,16,2.2,2,1,5,8,17,89,66,2449.0
130,683,15.6,16,2.4,11,1,5,8,17,89,62,1294.0
972,714,13.3,8,1.6,0,0,5,13,15,72,50,999.0
333,789,17.3,32,4.42,4,1,5,14,12,89,67,3588.8
1142,535,15.6,4,2.3,4,3,5,8,25,63,18,585.0
934,875,13.3,16,1.29,4,4,5,27,27,88,47,2240.0
520,265,17.3,8,2.8,4,3,5,8,4,93,5,1142.0
1111,1059,15.6,8,1.84,7,3,5,8,20,61,38,2103.34
256,338,14.0,8,2.0,2,3,5,8,17,85,42,1334.0
156,605,12.5,8,1.34,4,0,5,7,15,63,42,1670.0
305,279,15.6,8,2.2,16,3,5,0,25,77,56,812.0
169,1117,15.6,4,2.2,0,3,1,0,7,28,31,209.0
1254,969,17.3,16,4.36,4,1,5,12,29,89,66,3154.0
1191,586,15.6,8,2.2,4,3,2,8,15,85,18,749.01
437,255,15.6,8,2.08,4,0,5,13,9,93,50,819.0
1177,1156,14.0,16,2.8,10,0,5,26,27,79,38,2440.0
377,636,15.6,8,2.0,4,3,5,8,15,89,62,1820.0
667,742,13.3,8,1.44,10,3,5,14,15,63,42,960.0
616,700,17.3,8,3.14,7,5,5,8,25,89,82,1907.99
1103,771,12.3,8,1.1,6,4,1,33,15,71,41,1559.0
2,1013,14.0,8,1.48,7,4,5,8,27,85,42,2089.0
583,400,17.3,8,2.7,11,1,5,8,15,89,63,1349.0
1257,842,14.0,8,1.7,10,3,5,8,15,59,38,1186.0
848,268,15.6,4,2.18,4,3,5,8,9,63,42,657.0
112,8,13.3,8,1.34,1,4,8,1,14,55,40,1158.7
1013,52,15.6,8,2.2,0,3,5,14,15,93,79,841.0
1203,446,15.6,4,2.0,2,3,2,8,15,63,42,559.0
1166,38,17.3,8,2.8,4,3,5,14,4,72,5,979.0
435,194,14.0,16,1.42,10,0,5,34,11,85,42,2824.0
633,721,14.0,4,1.5,2,3,5,8,22,33,34,298.0
43,369,15.6,8,1.86,7,3,5,8,9,63,42,639.0
825,873,13.3,4,1.05,16,3,5,8,3,63,42,1285.0
329,306,17.3,16,2.9,2,1,5,8,17,89,66,2122.0
602,1184,15.6,8,1.95,10,3,5,14,15,63,42,1390.0
878,502,12.5,8,1.3,10,4,5,9,8,59,38,1099.0
70,570,17.3,8,3.4,10,3,5,14,15,89,90,2999.0
770,87,15.6,16,2.65,4,1,5,14,4,89,63,1349.0
965,1200,15.6,8,1.98,4,3,2,8,15,85,61,895.01
570,698,14.0,4,1.45,0,3,1,0,22,29,36,375.0
282,1304,14.0,2,1.5,10,3,5,0,32,30,31,229.0
7,234,15.6,8,1.9,7,3,5,8,9,85,0,1269.0
120,148,14.0,8,1.25,2,4,5,8,15,93,50,1099.0
189,90,15.6,16,2.2,2,1,5,14,4,89,65,1449.0
301,9,14.0,16,1.3,2,4,5,8,27,93,79,1495.0
490,11,15.6,4,1.86,7,3,4,0,25,63,42,393.9
913,1299,15.6,8,2.3,4,3,2,0,9,85,18,805.99
296,682,14.0,4,1.63,7,0,5,13,3,51,59,699.0
1078,1262,14.0,4,1.54,7,3,7,8,15,59,38,1099.99
577,1126,15.6,4,2.24,4,3,7,0,25,59,14,769.15
452,1129,10.1,4,0.69,10,0,0,25,32,27,32,549.0
841,1049,12.5,8,1.26,7,4,5,8,15,77,38,1349.0
356,431,17.3,16,4.42,4,1,5,10,17,90,66,2799.0
267,370,15.6,8,2.2,10,3,4,0,15,48,55,499.0
425,1113,15.6,4,1.96,7,3,5,0,9,99,33,500.0
465,964,15.6,8,2.0,7,5,5,14,35,82,81,2249.0
755,174,13.0,8,1.05,8,4,5,16,15,63,42,1349.0
754,207,15.6,16,3.2,10,1,5,14,29,89,65,1749.0
598,1023,14.0,4,1.64,7,3,5,0,25,51,42,684.0
48,228,15.6,8,2.1,7,3,5,8,9,72,50,794.0
434,786,14.0,4,1.8,0,3,5,14,3,51,42,636.0
328,613,15.6,8,2.2,16,3,5,14,15,77,38,1399.0
1051,437,11.6,4,1.15,15,2,1,0,6,32,32,269.0
248,163,15.6,4,2.1,16,3,5,0,25,47,38,447.0
100,1003,14.0,8,1.6,4,3,5,8,3,63,43,1119.0
575,1214,15.6,4,1.9,10,3,4,0,9,48,18,368.0
561,225,15.6,8,2.2,4,3,2,8,15,72,4,677.35
814,1007,15.6,8,2.3,10,3,5,8,15,59,38,1349.0
1028,63,14.0,8,1.7,10,3,4,14,15,52,42,599.0
453,1001,15.6,8,2.5,10,1,5,14,4,89,65,1189.0
68,619,15.6,4,2.18,4,3,2,0,9,46,38,443.9
729,363,15.6,8,2.65,4,1,5,8,9,66,62,999.0
759,948,14.0,4,1.47,16,3,5,14,3,59,38,1105.0
359,751,14.0,8,1.7,10,0,5,7,15,63,42,999.0
493,445,14.0,24,1.32,10,4,5,4,27,85,42,2382.0
692,13,15.4,16,1.83,1,4,8,22,15,75,7,2439.97
24,1174,17.3,16,2.7,11,1,5,8,17,89,63,1492.8
856,208,15.6,16,2.8,4,5,5,6,17,101,82,3055.0
704,1310,15.6,2,2.2,4,3,5,0,25,30,31,379.0
1171,1093,15.6,4,2.1,10,3,5,0,25,59,38,540.0
354,216,17.3,16,2.9,2,1,5,8,17,89,62,1407.0
590,844,15.6,16,3.21,4,1,5,8,17,89,66,2774.63
413,640,15.6,4,1.8,10,3,5,8,15,72,50,829.0
1157,99,15.6,4,2.2,4,3,2,8,15,48,18,485.0
0,972,13.3,8,1.3,4,4,5,28,15,77,38,1268.0
626,672,17.3,8,2.7,11,1,5,8,4,89,65,1486.77
677,138,14.0,8,1.63,7,3,5,8,15,93,50,988.0
637,73,13.3,8,1.4,4,4,5,14,15,93,5,955.0
1211,1069,15.6,4,2.31,7,3,5,0,25,50,38,705.15
245,454,15.6,8,2.23,4,5,5,8,33,101,89,1993.0
1094,1302,14.0,4,1.8,10,0,5,13,3,77,38,638.0
388,494,15.6,16,2.06,4,3,5,8,27,89,62,1899.0
1280,249,13.9,8,1.38,10,0,5,13,15,85,42,1079.0
593,514,15.6,4,2.2,0,3,5,14,9,72,79,613.0
352,48,17.3,8,3.2,2,1,5,8,17,22,29,1299.0
955,14,15.6,4,2.2,4,3,5,8,15,48,18,498.9
713,404,14.0,8,1.9,10,3,5,14,15,63,42,938.0
379,348,15.6,8,2.1,7,3,5,14,9,51,58,716.0
16,589,13.3,4,1.49,7,3,5,8,3,51,42,719.0
1005,1048,15.6,8,1.84,7,3,5,8,15,77,38,1228.99
1053,450,15.6,4,2.2,10,3,5,8,3,100,35,349.0
669,807,13.9,8,1.38,10,0,5,13,15,85,42,1349.0
402,1077,15.6,16,2.32,4,3,5,8,21,85,24,989.99
849,1211,12.0,8,0.92,1,4,3,20,14,37,39,1163.0
323,5,13.3,8,1.37,1,4,8,21,15,58,48,1803.6
615,1103,13.3,4,1.29,7,3,1,28,22,96,37,615.0
389,580,15.6,8,2.3,10,3,5,8,15,63,42,830.0
1084,409,15.6,8,2.1,10,3,5,14,17,72,27,1144.5
1261,317,15.6,16,2.8,11,1,5,14,17,89,66,2099.0
562,863,17.3,8,2.83,4,3,2,8,9,85,24,865.0
768,392,13.3,4,1.5,10,3,5,14,3,51,42,549.0
164,349,13.9,16,1.4,10,0,5,11,27,93,50,2099.0
525,847,14.0,4,1.5,10,3,1,0,6,35,32,325.0
134,42,15.6,16,2.65,4,1,5,14,17,89,65,1499.0
743,541,15.6,8,2.3,2,1,5,14,4,66,65,1649.0
821,557,15.6,4,2.2,10,3,5,8,3,48,38,499.0
836,937,15.6,16,2.4,16,3,5,14,15,79,56,1975.0
824,462,11.6,4,1.47,4,0,5,31,25,99,33,479.0
464,987,14.0,8,1.95,16,3,5,8,15,59,38,1180.0
410,779,15.6,16,2.3,4,3,5,8,15,85,24,1181.27
1302,403,15.6,8,2.1,10,3,5,14,15,93,27,1229.56
129,892,15.6,4,2.3,7,0,5,31,25,63,42,684.8
700,1140,14.0,8,1.8,10,0,5,13,15,77,38,1669.0
127,743,15.6,4,1.85,10,3,5,8,9,85,42,779.0
1228,304,15.6,16,1.63,2,4,5,8,27,85,59,1468.0
203,195,14.0,4,1.3,17,3,5,14,22,33,34,260.0
262,334,12.5,8,1.26,7,4,5,8,15,85,42,1335.0
883,986,17.3,32,4.42,4,1,5,8,17,80,66,2800.0
976,793,14.0,16,1.7,10,4,5,8,27,85,42,2299.0
484,1207,17.3,16,4.2,0,1,5,14,17,89,66,2599.0
148,440,15.6,16,2.3,10,5,5,12,27,87,59,2445.0
893,707,15.6,4,2.1,7,3,5,14,25,85,5,689.0
798,86,15.6,4,2.1,0,3,5,0,9,11,12,395.0
219,354,11.6,4,1.5,2,0,5,31,22,33,34,375.0
969,218,15.6,8,2.2,10,3,4,8,15,63,42,549.0
1046,467,15.6,4,2.23,0,3,5,8,9,48,59,544.0
252,618,15.6,16,2.59,4,1,5,8,9,80,72,879.01
796,692,13.3,8,1.19,10,0,5,13,27,93,50,1499.0
220,335,15.6,32,2.06,4,3,5,5,11,89,62,2639.0
882,126,17.3,16,2.5,7,3,5,8,27,93,58,1271.0
1016,832,15.6,8,2.4,11,1,5,8,15,66,62,1199.0
403,377,15.6,4,2.1,0,3,5,0,3,11,12,426.0
292,904,14.0,8,1.32,10,4,5,14,15,63,42,1799.0
571,1178,14.0,8,1.7,10,4,7,8,15,79,38,1499.0
360,266,15.6,4,2.2,10,3,4,8,15,48,38,444.0
1026,215,15.6,8,2.4,0,3,2,8,9,89,62,779.0
141,777,13.3,8,1.31,15,4,5,7,15,85,42,1599.0
1065,177,15.6,4,2.0,16,3,5,0,25,51,42,489.0
471,543,15.6,8,2.2,4,3,5,8,15,72,5,797.41
1017,988,17.3,16,2.73,2,1,5,8,17,89,65,2049.9
600,383,15.6,4,1.8,4,3,5,0,25,31,32,309.0
1011,1233,11.6,2,1.3,0,2,1,0,24,28,31,174.0
643,390,13.3,16,1.1,2,4,5,7,27,85,42,1748.9
553,1108,13.3,4,1.4,4,4,5,14,15,72,5,818.35
1086,310,15.6,4,2.2,10,3,4,0,9,100,35,359.99
1059,623,15.6,4,2.18,4,3,2,8,3,63,16,569.0
288,489,13.3,4,1.49,7,3,5,14,3,72,50,726.0
230,1169,15.6,4,1.86,7,3,5,0,25,14,9,297.0
611,1028,13.3,4,1.49,7,3,5,0,25,51,42,800.0
911,236,15.6,4,2.1,7,3,5,0,25,16,8,330.0
1212,607,15.6,8,1.84,7,3,5,8,15,85,42,1219.0
1139,961,15.6,8,2.2,10,3,4,8,9,85,54,685.0
1226,238,14.0,8,1.6,4,3,5,8,15,63,42,859.0
418,1036,13.3,8,1.11,7,3,5,14,15,63,42,1149.0
162,805,14.0,4,1.63,2,3,5,0,22,33,34,299.0
49,436,11.6,4,1.16,12,0,5,13,24,33,34,299.0
980,217,15.6,4,2.1,7,3,4,8,25,48,38,349.0
970,1073,15.6,16,2.94,11,1,5,8,17,80,65,1819.0
367,66,15.6,8,1.86,7,3,5,8,15,63,42,690.0
239,12,15.6,4,1.86,7,3,4,8,25,48,38,344.99
778,1167,14.0,8,1.27,10,0,5,26,15,77,38,2339.0
17,1138,15.6,4,2.09,4,3,2,0,25,59,38,523.63
784,1120,12.5,8,1.5,4,4,7,0,15,59,38,1413.1
1121,160,13.3,8,1.1,2,0,5,7,15,72,42,1315.0
422,21,11.6,2,0.98,2,2,5,0,22,26,32,191.9
1042,435,17.3,12,3.35,7,1,5,8,17,89,66,1999.0
842,812,15.6,8,2.06,4,3,5,5,15,66,62,1749.0
1260,829,15.6,4,2.1,10,3,5,0,25,48,38,489.9
460,809,15.6,8,3.14,7,5,5,8,15,89,84,2064.9
985,100,15.6,6,2.0,2,3,5,8,15,51,53,577.0
614,1196,15.6,16,1.91,11,1,5,8,4,80,75,2153.37
176,630,15.6,8,2.2,5,3,5,0,15,63,42,799.0
167,107,13.5,8,1.252,13,4,6,32,15,63,42,1340.0
78,575,15.6,4,2.2,10,3,5,8,25,100,35,344.0
1201,516,15.6,8,2.4,10,1,4,14,17,89,65,1149.0
676,252,17.3,16,3.6,2,1,5,8,15,90,68,2999.0
1131,367,14.0,8,2.0,2,3,5,8,15,63,42,945.0
1220,1236,15.6,8,2.6,10,1,5,14,4,80,72,1272.0
511,1314,11.6,2,1.17,7,2,5,0,22,32,32,209.0
1050,1270,15.6,6,2.4,10,3,5,8,3,50,54,569.0
574,16,13.3,8,1.37,1,4,8,21,15,56,47,1518.55
1108,1114,17.3,16,4.3,2,1,5,14,4,80,76,2299.0
331,993,17.3,16,2.99,2,1,5,8,17,89,63,1749.0
380,768,15.6,4,2.1,0,3,5,0,15,63,42,599.0
94,835,13.3,8,1.1,2,0,5,30,15,63,42,1358.0
1091,831,14.0,8,1.13,10,4,5,14,27,85,42,2499.0
533,673,15.6,4,2.1,16,3,5,0,3,49,38,498.0
1093,47,15.6,4,2.2,10,3,4,0,3,48,38,369.0
31,88,15.6,8,1.83,7,4,5,14,15,93,70,699.0
522,96,14.0,8,1.25,2,4,5,8,15,85,42,1049.0
470,788,15.6,8,2.0,2,3,5,3,3,97,35,581.9
950,240,15.6,16,2.36,4,3,2,8,15,85,24,899.0
1165,967,12.5,8,1.2,2,0,1,8,32,43,37,1159.0
1170,1151,17.3,8,3.0,7,5,7,14,15,80,86,3949.4
735,458,15.6,16,2.17,4,5,5,14,15,82,89,1975.0
523,112,14.0,8,1.58,10,3,5,14,15,85,42,1480.0
681,1170,15.6,8,2.32,10,3,4,8,9,59,15,599.0
694,754,13.3,16,0.81,15,4,5,8,15,85,42,1649.0
728,15,12.0,8,0.92,1,4,8,20,15,44,41,1262.4
932,30,17.3,8,2.5,7,3,5,8,9,72,57,896.0
873,340,15.6,8,2.5,2,1,5,8,15,89,62,999.0
144,199,17.3,8,2.5,7,3,5,14,9,72,57,914.0
378,614,15.6,6,2.4,10,3,5,8,9,63,42,564.0
982,251,15.6,8,2.04,7,3,5,31,9,63,42,559.0
341,533,15.6,4,2.2,10,3,5,8,9,85,54,799.0
311,276,17.3,16,3.2,2,1,5,8,17,22,29,1549.0
953,852,17.3,8,2.63,7,3,5,2,9,63,57,910.0
232,671,15.6,6,2.04,7,3,5,3,9,48,18,539.0
983,1006,15.6,4,1.9,10,3,4,0,3,33,34,270.62
165,1090,17.3,8,3.0,10,3,5,2,0,59,15,659.0
538,711,15.6,4,2.1,10,3,5,8,10,63,42,621.45
1096,201,13.3,8,1.49,7,3,5,8,27,72,50,959.0
449,271,13.3,8,1.1,2,0,5,7,31,93,50,1499.0
1290,297,17.3,8,2.54,7,3,5,2,9,48,38,489.0
665,139,15.6,4,1.9,10,3,4,0,9,33,34,252.36
693,182,15.6,8,1.9,10,3,5,8,4,63,2,813.0
270,695,15.6,4,2.2,4,3,5,0,9,48,18,545.67
519,451,15.6,8,2.2,7,1,5,14,4,89,62,1099.0
710,975,12.5,8,1.36,10,4,5,14,15,67,42,1760.0
236,84,14.0,8,1.63,7,3,5,8,15,72,42,860.0
1194,277,15.6,8,2.14,4,3,2,8,15,93,4,735.07
1075,1055,14.0,2,1.45,17,3,5,0,22,23,32,210.8
498,1144,17.3,8,3.35,7,1,5,14,4,60,65,1129.0
135,513,15.6,8,2.0,2,3,5,8,17,85,42,1224.0
1241,307,17.3,6,2.8,10,3,5,2,9,63,69,649.0
67,945,12.5,4,1.26,7,4,5,8,25,59,38,1579.0
964,562,15.6,4,2.0,2,3,2,0,25,33,34,224.0
39,374,15.6,8,2.33,4,3,5,8,15,85,24,899.0
703,158,15.6,6,1.91,7,3,5,8,15,72,4,619.0
568,960,12.5,8,1.36,4,4,5,7,15,63,31,1472.2
563,730,14.0,8,1.32,10,4,5,14,15,63,42,1499.0
591,802,15.6,8,2.08,10,0,5,7,15,63,25,959.0
921,250,15.6,8,2.2,4,3,5,8,5,93,5,985.0
481,71,17.3,12,3.0,2,1,2,8,9,89,63,949.0
1140,663,15.6,8,2.0,16,3,5,14,25,63,42,1064.0
249,483,15.6,8,1.78,4,5,5,8,15,89,82,2408.0
510,135,14.0,8,1.6,0,4,5,14,15,93,50,884.0
455,1250,15.6,8,2.3,4,3,5,31,9,51,42,469.01
767,977,12.5,8,1.1,16,4,5,7,27,85,42,1790.0
225,1127,15.6,4,2.1,10,3,5,0,3,46,38,429.0
963,773,13.3,4,1.65,4,3,5,0,25,48,38,849.0
208,1288,14.0,4,1.8,10,0,5,13,3,77,38,638.0
150,58,15.6,4,2.0,2,3,5,0,15,63,42,586.19
850,530,15.6,4,1.63,7,3,5,0,3,48,38,689.0
196,680,13.3,8,1.3,10,0,5,13,15,63,42,1034.0
1031,981,15.6,4,2.04,7,3,5,8,25,51,42,685.0
597,1179,14.0,16,1.7,11,1,5,8,17,80,75,1769.0
105,978,15.6,8,2.04,7,3,5,0,9,62,57,846.5
646,415,15.6,4,2.2,10,3,5,8,25,48,38,409.0
843,887,15.6,4,2.0,2,3,2,0,9,100,35,398.99
303,380,13.3,8,1.62,4,0,5,7,15,93,50,869.01
1,1085,15.6,4,2.06,4,3,5,0,25,50,38,481.98
815,1294,15.6,6,2.3,4,3,5,0,9,51,42,459.0
444,421,13.3,8,1.27,2,0,5,13,15,63,42,928.0
1149,505,13.3,8,1.4,10,3,5,14,15,51,42,949.0
678,262,17.3,16,2.9,7,3,5,14,9,93,79,1059.0
271,1150,15.6,16,2.5,10,3,5,8,1,77,21,1099.0
607,746,15.6,16,1.8,11,1,5,8,17,89,65,2094.48
731,190,15.6,16,2.06,4,3,5,5,27,89,62,2397.0
642,296,17.3,8,3.0,2,1,5,8,9,89,62,1187.0
121,95,15.6,8,2.65,4,1,5,8,15,66,65,1195.0
499,140,17.3,8,3.0,2,1,5,8,4,66,62,938.0
997,1301,15.6,4,2.2,2,3,5,0,25,77,53,720.32
1270,708,15.6,8,2.56,4,1,5,8,9,66,62,819.0
1301,674,15.6,8,2.06,4,3,5,8,9,63,42,955.0
344,1183,15.6,8,2.62,4,1,5,6,4,89,63,1498.0
748,647,15.6,16,2.06,4,3,5,5,11,89,62,2399.0
786,466,17.3,8,2.5,7,3,5,2,15,48,38,639.9
163,1208,15.6,8,2.4,10,1,5,14,9,66,62,819.0
187,469,15.6,8,2.37,2,3,5,8,9,63,42,749.0
550,1275,15.6,4,2.29,4,3,5,0,25,48,38,490.0
696,147,15.6,4,1.86,7,3,5,0,15,5,11,369.0
1294,1210,15.6,4,1.86,7,3,5,0,25,63,42,485.0
1113,67,15.6,16,1.8,2,4,5,8,27,89,63,1983.0
1186,856,11.6,4,1.4,7,0,1,31,22,33,34,615.0
174,722,15.6,16,1.93,4,3,5,8,27,67,42,1426.66
1195,1160,13.3,8,1.48,7,0,5,7,15,61,38,1629.0
576,747,15.6,4,2.4,0,3,5,0,25,48,38,410.8
57,544,15.6,4,1.86,7,3,5,8,15,99,33,398.99
569,1029,13.3,8,1.5,16,3,5,0,15,59,38,1210.0
10,849,17.3,16,2.73,2,1,5,8,29,80,65,1799.0
1038,281,17.3,8,2.8,4,3,2,8,4,93,5,1099.0
699,510,14.0,4,2.1,10,3,5,0,25,33,34,299.0
458,1019,14.0,4,1.48,7,3,5,0,15,61,38,1099.99
244,336,17.3,8,2.7,11,1,5,8,17,89,63,1199.0
738,1300,11.6,2,1.17,7,2,5,0,22,32,32,209.0
37,1280,15.6,6,2.3,4,3,5,0,9,51,42,459.0
732,992,15.6,6,2.04,7,3,5,0,9,85,42,579.0
1173,144,14.0,8,1.75,10,3,5,14,15,72,27,1116.02
113,727,17.3,8,2.63,7,3,5,8,15,85,57,1200.0
1146,433,15.6,8,2.02,4,3,5,8,19,93,5,1142.4
1100,1110,15.6,8,2.4,0,3,5,8,17,63,71,799.0
407,470,14.0,8,1.5,10,3,4,14,27,85,25,799.0
1256,1065,15.6,8,1.91,7,3,5,14,9,85,59,979.0
269,1255,15.6,4,2.24,4,3,7,0,25,59,38,737.0
404,1281,15.6,4,2.4,0,3,2,0,25,32,32,289.0
897,492,14.0,8,1.75,10,3,5,14,15,72,50,1049.0
436,459,15.6,8,2.31,7,5,5,14,27,91,42,1534.0
717,292,15.6,8,1.7,2,4,5,8,15,63,59,977.0
595,1268,15.6,4,2.2,4,3,2,0,25,99,31,324.0
276,1259,13.3,8,1.45,2,4,5,8,15,77,38,1280.0
812,444,12.3,16,1.1,6,4,1,33,27,92,41,2199.0
497,346,15.6,4,2.2,4,3,2,0,25,32,31,274.9
85,531,17.3,8,2.8,4,3,2,14,4,72,5,889.0
557,81,17.3,8,2.5,7,3,5,8,4,72,57,977.0
757,497,15.6,8,2.3,10,3,5,14,15,63,59,1011.99
564,1223,15.6,8,2.36,4,3,5,8,15,63,24,889.0
895,1149,15.6,4,2.23,0,3,5,8,9,63,59,616.0
365,1039,12.5,4,1.26,7,4,5,0,15,63,42,1559.0
769,1102,14.0,8,1.7,10,3,7,8,8,59,38,1199.0
324,97,13.3,8,1.5,0,0,5,13,15,72,50,847.0
844,821,13.3,8,0.81,15,4,5,8,15,63,42,1499.0
924,664,15.6,8,2.2,4,3,5,8,15,93,5,919.0
221,151,17.3,16,2.9,11,1,5,8,17,89,66,2029.0
348,211,13.3,8,1.21,4,4,5,11,15,93,50,1949.0
229,1045,15.6,6,2.1,0,3,5,0,9,11,12,409.0
168,713,15.6,8,2.18,4,3,5,8,15,63,42,795.0
74,4,15.4,16,1.83,1,4,8,22,27,74,6,2537.45
405,1119,15.6,16,2.4,10,1,5,8,27,89,63,1199.0
760,299,15.6,8,2.05,10,3,5,8,15,72,50,739.0
941,183,13.3,8,1.29,7,0,5,11,15,72,50,1499.0
868,693,15.6,16,3.49,4,1,5,8,17,90,66,2813.75
65,818,15.6,4,2.4,10,3,5,8,9,63,53,609.0
314,1277,15.6,8,2.4,11,1,5,8,4,80,73,1229.0
1034,699,14.0,4,1.7,10,3,5,8,15,63,42,699.0
1114,171,15.6,8,2.56,4,1,5,8,4,89,62,1060.49
1175,556,15.6,8,1.99,10,3,5,14,27,85,42,1729.0
321,205,15.6,4,2.1,10,3,5,0,3,59,38,493.0
467,1058,14.0,4,1.54,7,3,5,8,25,59,38,1000.0
1022,316,13.3,16,1.21,4,4,5,11,11,93,50,2499.0
629,288,15.6,6,2.2,10,3,5,8,15,63,42,579.0
433,769,15.6,8,2.5,10,1,5,14,4,89,62,1048.0
1169,1317,13.3,16,1.3,10,0,5,17,27,77,38,1499.0
741,1244,13.3,8,1.29,4,4,5,27,15,85,42,1477.0
131,92,15.6,8,2.45,2,1,5,8,9,20,28,699.0
1035,150,15.6,4,2.0,2,3,5,8,9,33,34,344.0
1130,980,15.6,4,1.9,4,3,5,0,25,63,42,825.0
787,1107,17.3,8,2.7,2,1,5,14,17,89,65,1599.0
1092,551,15.6,4,2.0,2,3,5,0,25,14,9,349.0
1058,976,15.6,12,2.4,0,3,5,8,4,63,71,1009.0
1132,1305,15.6,6,2.19,7,3,5,0,9,77,15,764.0
335,1265,15.6,16,2.34,2,1,5,14,17,80,66,2325.0
847,326,17.3,4,2.79,10,3,5,2,9,63,54,589.0
999,391,14.0,8,1.13,10,4,5,10,27,85,42,2282.0
1275,774,13.3,4,1.6,0,3,5,0,3,59,38,655.0
1079,464,13.5,4,1.252,13,4,6,32,3,45,41,989.0
3,891,13.3,4,1.28,7,0,5,7,15,63,42,1700.0
107,944,15.6,4,2.2,10,3,5,0,9,100,35,309.0
119,602,15.6,8,2.29,10,3,5,0,9,50,38,459.0
393,1180,15.6,8,2.62,7,1,5,14,9,89,62,899.0
1120,1311,15.6,8,2.6,10,3,5,14,9,80,73,899.0
58,185,13.3,8,1.23,4,4,5,8,15,72,50,1399.0
594,275,13.3,8,1.37,1,4,8,21,27,57,46,1958.9
864,519,15.6,8,2.18,4,3,5,8,9,63,42,836.0
11,645,14.0,2,1.42,10,3,5,0,22,32,32,249.0
274,1017,14.0,4,1.64,7,3,5,0,25,63,42,779.0
442,1080,13.3,8,1.29,4,4,5,8,15,85,42,1458.0
686,1218,15.6,4,2.3,4,3,5,0,3,46,23,499.0
1243,811,13.3,8,1.29,4,4,5,8,15,63,42,1499.0
406,488,15.6,4,2.18,4,3,5,0,9,51,42,586.6
30,128,15.6,4,1.86,7,3,4,0,25,32,32,259.0
1039,738,17.3,16,4.2,0,1,5,14,4,80,65,1935.0
1144,658,17.3,32,3.8,2,1,5,14,27,81,68,2799.0
429,888,13.3,8,1.28,18,4,5,14,15,59,59,935.0
320,181,18.4,32,4.4,11,1,5,8,29,83,51,2799.0
664,295,15.6,2,2.19,0,3,1,0,7,28,31,199.0
1008,85,15.6,4,2.2,10,3,5,8,3,5,3,399.0
698,1182,15.6,4,2.1,7,3,4,0,25,59,38,476.99
340,248,15.6,8,2.56,4,1,5,8,15,66,62,879.0
1244,253,13.3,4,1.49,7,3,5,14,25,72,50,675.0
916,791,14.0,16,1.47,16,4,5,14,27,79,56,1764.0
387,311,13.3,16,1.28,7,0,5,7,15,87,42,1975.0
101,1308,15.6,6,2.3,4,3,5,0,9,51,42,459.0
177,718,15.6,8,2.5,10,1,5,14,4,89,63,1249.0
680,230,15.6,8,2.2,0,3,5,8,15,85,59,832.0
414,572,13.3,8,1.21,4,4,5,11,3,72,50,1599.0
1019,1014,15.6,8,2.7,0,1,5,14,4,89,62,1260.0
390,308,15.6,8,2.2,10,3,4,0,21,63,59,549.0
959,59,17.3,16,2.43,11,1,5,8,19,89,66,2449.0
447,903,15.0,8,1.17,15,4,5,8,15,85,42,1699.0
1090,491,15.6,4,2.3,10,3,5,0,3,46,38,565.0
216,679,15.6,8,1.9,10,3,5,8,4,63,18,817.95
852,634,15.6,4,2.2,10,3,4,8,3,63,42,468.0
1141,1171,15.6,8,2.62,4,1,5,8,9,89,64,1199.0
952,355,15.6,8,1.9,4,4,5,8,9,72,5,663.0
1284,553,14.0,4,1.87,10,3,5,8,25,63,42,785.0
450,256,17.3,16,4.3,2,1,5,8,17,89,76,1799.0
691,1022,14.0,8,1.64,7,3,5,8,15,63,57,1049.26
830,175,17.3,6,2.71,7,3,5,14,21,63,4,699.0
832,702,13.3,8,1.5,16,3,5,14,15,63,42,973.0
683,941,15.6,8,2.31,7,3,5,8,15,59,38,1165.0
1183,1273,15.6,4,2.0,2,3,5,0,9,33,34,339.0
103,1047,14.0,8,1.95,7,3,7,8,15,59,38,1195.0
123,192,13.3,8,1.12,0,4,5,14,15,70,41,989.0
670,1024,15.6,8,2.65,4,1,5,8,1,66,62,949.0
56,540,13.3,4,1.2,12,3,5,14,24,36,34,369.0
1119,998,14.0,4,1.75,16,3,5,0,25,59,38,915.0
749,499,15.6,8,1.99,2,1,5,8,4,89,62,1350.0
604,381,15.6,4,1.91,7,3,5,8,15,11,12,488.99
242,734,15.6,8,2.2,4,3,5,8,4,72,5,719.0
284,1199,15.6,6,1.54,10,4,5,8,15,85,53,831.0
988,783,12.5,4,1.26,7,4,5,0,15,59,38,1244.0
275,1130,13.3,8,1.23,4,4,5,8,15,86,47,1379.0
1012,916,15.6,8,1.95,10,3,5,14,27,63,42,1962.99
774,474,15.6,8,2.02,4,3,5,8,21,72,5,759.0
588,91,13.3,8,1.21,4,4,5,14,15,93,50,1649.0
1289,526,17.3,16,3.0,2,1,5,8,17,89,77,1504.0
790,360,15.6,16,2.4,16,3,5,14,27,77,56,1403.0
13,1011,15.6,4,2.4,0,3,5,0,25,100,35,380.0
840,427,15.6,16,2.0,10,0,5,11,27,89,62,1899.0
995,364,15.6,8,2.36,4,3,5,31,21,63,42,557.37
647,490,15.6,4,1.89,3,3,5,8,32,26,31,248.9
400,45,17.3,12,2.77,4,0,5,7,9,72,52,999.0
98,315,13.3,8,1.1,10,3,5,14,15,63,42,999.0
1292,1251,17.3,16,2.7,11,1,5,8,17,89,65,1598.0
202,758,17.3,16,3.0,7,5,7,14,15,102,83,4389.0
198,1132,12.5,8,1.25,14,4,5,29,15,77,38,1029.0
1025,545,17.3,12,2.62,7,1,5,8,9,89,65,1799.0
1232,452,14.0,8,1.64,4,3,5,8,15,68,57,1179.0
368,1252,11.6,4,1.08,1,4,3,0,14,54,40,959.0
1107,947,13.3,16,1.3,10,0,5,17,11,78,45,1799.0
1153,259,17.3,4,3.0,0,3,5,14,15,52,78,702.0
859,31,15.6,4,1.89,3,3,5,8,32,25,31,244.99
190,1115,12.5,4,1.5,4,4,7,0,25,50,38,1135.15
773,1224,15.6,8,1.91,7,3,5,0,15,63,42,579.0
876,772,13.3,8,1.2,2,4,5,19,15,63,42,1129.0
118,817,15.6,16,2.62,4,1,5,6,27,89,63,1679.0
246,269,15.6,8,2.24,4,3,5,8,9,63,18,565.0
1069,631,15.6,4,1.88,7,3,7,0,25,59,38,932.0
1219,667,17.3,32,4.42,4,1,5,12,29,89,66,3147.37
1030,971,11.6,4,1.45,7,0,5,31,15,100,35,775.0
589,912,13.3,8,1.24,4,0,5,27,27,92,41,2013.1
1106,996,15.6,6,2.2,10,3,5,8,15,4,5,549.0
1283,615,15.6,8,2.0,10,0,5,13,15,89,44,1299.0
1269,825,12.5,16,1.29,14,4,5,11,27,84,42,1799.0
1223,186,13.9,16,1.4,10,0,5,11,27,93,50,1849.0
161,33,17.3,4,2.71,7,3,5,8,25,5,5,439.0
124,1193,14.0,4,2.0,2,3,5,8,15,51,42,769.0
1198,1202,15.6,6,2.18,7,3,5,14,9,80,73,799.0
204,54,13.3,8,1.49,7,3,5,8,27,93,50,1103.0
18,114,13.3,8,1.23,4,4,5,27,15,86,47,1379.0
84,93,15.6,8,2.2,0,3,5,8,9,93,79,689.0
874,394,15.6,8,2.0,4,5,5,14,15,82,82,2135.0
222,260,13.3,8,1.41,4,4,5,8,15,72,50,949.0
1158,564,17.3,6,2.8,10,3,5,2,4,85,59,949.0
1145,1118,17.3,8,3.0,7,5,7,14,9,80,1,2899.0
1272,210,15.6,6,2.3,4,3,5,31,9,51,42,439.0
1207,384,14.0,4,1.5,2,3,5,0,22,33,34,286.0
430,726,14.0,4,1.4,12,3,5,15,23,24,32,265.0
1291,1228,12.0,8,0.92,1,4,3,20,26,38,37,1279.0
491,594,14.0,12,1.4,10,4,5,14,15,79,38,1673.0
623,816,15.6,8,2.04,7,3,5,0,21,2,20,629.0
147,448,15.6,4,2.2,4,3,5,8,15,72,5,749.0
33,884,13.3,4,1.44,10,3,5,14,8,51,42,735.0
943,995,13.3,4,1.2,16,3,7,8,3,59,38,1195.0
1253,801,13.3,8,1.37,10,0,5,13,27,85,42,1970.0
1097,952,14.0,8,1.36,4,4,5,8,15,63,42,1639.0
866,224,13.3,16,1.62,4,0,5,7,27,93,50,1279.0
558,1189,15.6,16,2.1,7,3,5,8,27,93,50,1159.0
1085,51,10.1,4,0.69,10,0,0,25,32,27,32,319.0
1041,1186,14.0,2,1.44,7,3,5,0,22,32,32,249.0
1277,571,15.6,8,2.5,2,3,5,8,4,66,62,839.0
1082,584,17.3,32,4.6,10,1,5,14,17,81,66,2663.0
73,839,17.3,32,3.49,14,1,5,5,27,90,68,5499.0
199,1075,17.3,16,4.0,2,1,4,14,9,80,74,998.0
1159,1112,17.3,8,2.6,11,1,5,8,15,80,74,1599.0
1208,946,15.6,4,1.86,7,3,4,0,9,32,32,288.9
579,518,15.6,4,2.2,0,3,5,8,25,85,59,639.0
302,515,13.3,8,1.34,7,4,5,14,27,85,42,1323.0
818,1043,17.3,8,2.63,7,3,5,8,15,63,57,1080.0
1006,1309,15.6,4,2.4,0,3,2,0,25,32,32,289.0
448,782,15.6,8,2.62,4,1,5,8,9,89,62,1099.0
919,111,15.6,16,2.2,11,1,5,8,17,89,63,1299.0
35,49,15.6,4,2.3,4,3,5,8,15,63,18,639.0
1045,1099,15.6,8,2.18,4,3,5,8,15,63,42,750.0
596,897,15.6,4,2.18,4,3,2,0,9,46,17,455.7
1218,1198,14.0,8,1.36,10,0,5,26,15,59,38,1637.0
214,573,15.6,4,1.93,4,3,5,0,25,67,42,959.0
469,203,17.3,8,2.5,7,3,5,8,15,93,58,1045.0
933,889,15.6,4,2.18,4,3,5,8,4,63,59,912.5
1249,582,14.0,4,1.4,12,3,5,8,24,26,31,249.0
803,17,15.6,8,2.2,4,3,5,8,15,85,18,745.0
372,1295,15.6,4,2.4,0,3,2,0,25,32,32,289.0
1287,539,15.6,8,2.0,2,3,5,12,17,85,73,1299.0
506,227,13.3,8,1.2,16,4,5,8,15,77,38,1363.0
775,898,17.3,12,2.2,2,1,5,8,4,66,62,1369.9
281,1026,14.0,4,1.48,7,3,5,8,15,63,42,1590.0
234,639,15.6,16,2.62,4,1,5,8,17,89,63,1479.0
782,1272,15.6,4,2.2,4,3,5,0,25,98,31,443.99
307,879,14.0,8,1.56,0,3,5,14,15,63,42,902.0
106,676,15.6,8,2.0,16,3,5,14,15,63,42,1258.0
504,755,15.6,8,1.86,7,3,5,8,15,48,38,539.0
1172,1040,14.0,4,2.31,7,3,5,0,25,63,42,1189.0
1276,344,15.6,4,2.0,2,3,2,0,9,33,34,274.99
228,1287,15.6,4,2.2,2,3,5,0,25,77,53,720.32
424,890,15.6,4,2.04,7,3,5,8,15,63,42,839.0
740,1067,15.6,4,2.04,7,3,5,0,15,63,42,979.0
415,552,15.6,4,2.1,7,3,5,8,3,51,42,705.5
116,955,17.3,4,2.8,2,3,5,2,9,99,54,530.0
1009,869,13.3,8,1.62,4,3,5,7,9,59,38,649.0
79,776,15.6,16,2.72,4,1,5,23,4,80,73,1099.0
1234,1173,15.6,4,1.91,7,3,5,8,15,7,4,478.89
272,833,14.0,8,1.13,10,4,5,14,14,63,42,1875.0
247,1124,15.6,16,2.59,2,1,5,14,4,80,73,1339.0
1178,537,17.3,16,4.42,4,1,5,14,4,89,66,3012.77
409,1212,13.3,8,1.6,4,0,5,13,15,63,42,1199.0
46,1096,17.3,32,4.6,10,1,5,14,28,81,76,3240.0
52,710,15.6,8,2.2,10,3,5,0,9,4,19,429.0
855,512,13.3,8,1.44,10,3,5,8,15,63,42,949.0
1273,1278,14.0,4,1.8,10,0,5,7,3,59,38,833.01
1095,257,15.6,4,1.68,2,3,5,0,9,11,16,469.0
254,1264,14.0,4,1.6,4,3,5,0,25,63,42,875.0
431,387,15.6,4,1.85,10,3,4,8,3,48,38,403.5
19,654,14.0,8,1.8,0,4,5,14,15,63,30,919.0
213,704,14.0,16,1.38,10,0,5,7,27,85,42,1749.0
339,460,14.0,8,1.65,10,3,5,8,15,63,42,1345.0
223,578,14.0,8,1.94,7,3,5,0,21,99,33,389.0
456,1084,12.0,8,0.92,1,4,3,20,14,37,37,1300.0
986,280,15.6,12,2.3,4,3,5,0,9,85,42,713.07
253,1191,15.6,4,2.1,10,3,4,0,25,59,38,398.0
4,1284,15.6,6,2.04,7,3,5,8,1,9,23,549.99
1134,709,15.6,4,2.2,10,3,5,8,15,10,5,399.0
1137,595,15.6,12,2.2,10,3,5,31,9,93,42,609.0
137,196,13.3,8,1.3,18,4,4,14,15,63,79,999.9
1187,1094,15.6,4,2.31,7,3,7,8,25,59,38,940.0
12,482,14.0,8,1.79,4,3,5,0,3,50,38,740.0
478,176,15.6,4,2.2,10,3,4,0,25,6,11,309.0
207,1225,15.6,4,2.2,10,3,5,0,25,15,9,299.0
793,576,14.0,4,2.02,10,3,5,0,25,63,42,990.0
1133,204,15.6,16,2.65,4,1,5,12,29,89,65,1845.0
266,188,15.6,8,1.95,18,3,4,14,15,72,79,1199.0
1052,752,15.6,16,2.5,10,5,5,12,11,87,88,3299.0
241,1291,15.6,6,2.19,7,3,5,0,9,77,15,764.0
89,973,11.6,4,1.25,0,0,1,24,22,32,32,389.0
716,1018,13.3,4,1.2,16,3,5,8,3,59,38,1195.0
517,1071,15.6,8,2.4,0,3,5,0,9,8,12,449.0
891,965,14.0,8,1.36,4,4,5,8,15,87,42,1775.0
1179,1313,15.6,8,2.3,4,3,2,0,9,85,18,805.99
