id,Inches,Weight,Company_enc,Type_enc,Sys_enc,HD,Touch,Ram,IPS,4K,Screen_Enc,HDD,SSD,Flash,Hybrid,Core,CPU_enc,GHz,GPU_enc,Price_euros
268,15.6,2.36,4,3,5,0,0,8,0,0,1,1000,0,0,0,1,85,2.7,24,749.0
347,15.6,2.0,2,3,5,0,0,4,0,0,1,1000,0,0,0,4,100,1.1,35,449.0
353,13.3,1.2,16,3,7,1,0,8,0,0,4,0,256,0,0,1,59,2.3,38,1460.0
578,15.6,4.42,4,1,5,1,0,16,1,1,14,1000,256,0,0,1,89,2.8,66,2868.99
42,12.5,1.26,4,4,7,1,1,8,0,0,4,0,256,0,0,1,61,2.4,38,1713.37
867,15.6,2.26,2,0,5,1,1,12,0,0,4,2000,512,0,0,1,85,2.7,61,1099.0
1136,15.6,2.0,2,3,2,1,0,4,0,0,4,0,256,0,0,1,48,2.0,38,415.0
609,15.6,2.4,11,1,5,1,0,8,0,0,4,1000,0,0,0,1,89,2.8,62,1142.8
474,14.0,1.3,2,4,5,1,0,8,1,0,4,0,256,0,0,1,85,2.7,59,1193.0
838,15.6,2.5,2,1,5,1,0,16,1,0,4,1000,256,0,0,1,89,2.8,63,1600.0
851,15.6,2.65,2,3,5,0,0,4,0,0,1,1000,0,0,0,4,99,1.6,33,309.0
904,15.6,2.02,4,3,5,1,0,8,0,0,4,1000,0,0,0,1,93,1.8,50,855.0
355,15.6,2.2,16,3,5,0,0,8,0,0,1,0,256,0,0,1,59,2.3,38,1119.0
44,15.6,1.95,7,3,5,1,0,6,1,0,4,0,256,0,0,1,12,3.0,5,649.0
36,14.0,1.75,16,3,5,0,0,4,0,0,1,0,0,0,0,2,95,2.1,36,499.0
971,15.6,1.88,4,4,5,1,0,8,1,0,4,0,256,0,0,1,72,1.6,50,1096.16
938,14.0,1.74,10,0,5,1,1,4,1,0,4,0,256,0,0,1,51,2.4,42,629.0
718,15.6,2.23,0,3,5,0,0,6,0,0,1,1000,0,0,0,1,63,2.5,42,549.0
518,15.6,2.5,10,3,5,1,0,32,1,1,14,0,1000,0,0,1,103,3.1,85,4899.0
1126,17.3,3.0,0,3,5,1,0,8,1,0,4,0,256,0,0,1,72,1.6,79,854.0
51,10.1,0.69,10,0,5,0,1,4,1,0,5,0,0,64,0,1,27,1.44,32,646.27
772,17.3,2.71,7,3,5,1,0,6,1,0,4,2000,0,0,0,1,0,2.5,5,655.01
1001,12.5,1.26,7,2,5,0,0,8,0,0,1,0,256,0,0,1,67,2.6,42,1389.0
330,17.3,3.35,7,1,5,1,0,16,1,0,4,1000,256,0,0,1,89,2.8,62,1379.0
66,15.6,1.78,4,5,5,1,1,8,0,1,14,0,256,0,0,1,89,2.8,82,2712.0
829,15.6,2.0,2,3,2,1,0,4,0,0,4,1000,0,0,0,1,48,2.0,42,389.0
1129,15.6,2.4,0,3,5,0,0,4,0,0,1,500,0,0,0,1,63,2.5,42,559.0
1197,15.6,2.4,10,3,5,1,0,6,0,0,4,0,256,0,0,1,63,2.5,54,695.0
171,15.6,2.2,10,3,5,0,0,4,0,0,1,1000,0,0,0,2,33,1.1,34,306.0
233,14.0,1.95,7,3,5,1,0,8,0,0,4,0,256,0,0,1,63,2.5,42,980.0
205,15.6,2.13,4,3,5,1,0,8,0,0,4,0,256,0,0,1,72,1.6,4,728.0
361,15.6,2.5,2,1,5,1,0,8,0,0,4,1000,0,0,0,1,89,2.8,63,1265.0
1250,15.6,2.32,10,3,7,1,0,8,0,0,4,0,0,0,1000,1,77,2.5,15,895.0
707,15.6,2.18,4,3,5,0,0,4,0,0,1,1000,0,0,0,1,46,2.0,17,614.0
884,15.6,2.2,0,3,1,1,0,4,1,0,4,0,0,16,0,2,28,1.5,31,359.0
1071,15.6,2.2,10,3,5,1,0,6,0,0,4,0,256,0,0,1,4,3.6,5,597.57
95,15.6,2.2,4,3,5,0,0,4,0,0,1,500,0,0,0,4,99,1.6,31,369.0
745,15.6,2.2,2,3,5,0,0,4,0,0,1,500,0,0,0,2,30,1.6,31,369.0
899,15.6,2.1,0,3,2,0,0,4,0,0,1,1000,0,0,0,1,52,2.7,42,367.0
313,15.6,1.7,2,4,5,1,0,8,0,0,4,0,256,0,0,1,85,2.7,59,1049.9
1063,15.6,2.2,11,1,5,1,0,8,0,0,4,1000,0,0,0,1,66,2.5,62,1119.91
193,15.6,2.3,4,0,5,1,1,8,1,0,4,0,256,0,0,1,65,2.7,42,1094.0
625,15.6,1.91,7,4,5,1,0,8,0,0,4,0,256,0,0,1,93,1.8,42,659.0
142,15.6,2.31,7,3,5,1,0,8,0,0,4,0,256,0,0,1,91,2.9,44,1427.0
243,11.6,1.4,7,0,1,0,1,8,0,0,0,0,0,64,0,2,33,1.1,34,495.0
1214,14.0,1.48,7,3,5,1,0,8,0,0,4,0,256,0,0,1,67,2.6,42,1268.0
1047,15.6,2.3,4,3,5,0,0,4,0,0,1,1000,0,0,0,1,48,2.0,38,418.64
648,15.6,2.2,10,3,4,1,0,4,0,0,4,1000,0,0,0,1,48,2.0,18,479.0
34,15.4,2.04,1,4,3,0,0,16,1,0,12,0,0,256,0,1,73,2.2,49,2139.97
804,14.0,1.54,7,3,7,1,0,4,0,0,4,500,0,0,0,1,59,2.3,38,1030.99
872,15.6,1.86,7,3,5,1,0,4,0,0,4,500,0,0,0,1,48,2.0,38,397.0
1297,15.6,1.88,7,3,7,1,0,8,0,0,4,0,256,0,0,1,59,2.3,38,1579.0
192,15.6,1.98,4,3,2,1,0,8,0,0,4,1000,0,0,0,1,63,2.5,42,726.0
451,15.6,2.1,7,3,5,0,0,4,0,0,1,500,0,0,0,2,32,1.6,32,347.0
894,15.6,2.3,5,3,5,0,0,4,0,0,1,0,256,0,0,1,59,2.3,38,649.0
961,14.0,1.47,16,4,5,1,0,8,1,0,4,0,256,0,0,1,79,2.6,38,1725.0
1168,14.0,1.7,10,4,5,1,0,4,0,0,4,0,180,0,0,1,59,2.3,38,1096.0
966,15.6,2.3,10,3,5,1,0,8,1,0,4,0,256,0,0,1,79,2.6,38,1529.0
794,14.0,1.4,12,3,5,1,0,2,0,0,4,0,0,32,0,1,26,1.44,31,239.0
763,15.6,2.67,10,5,5,1,0,8,0,0,4,0,512,0,0,1,89,2.8,82,1925.0
946,15.6,1.85,10,3,5,1,0,4,0,0,4,1000,0,0,0,1,48,2.0,38,414.9
1298,15.6,2.2,0,3,5,0,0,4,0,0,1,500,0,0,0,1,48,2.0,70,469.0
715,14.0,1.5,2,3,5,0,0,4,0,0,1,0,0,32,0,2,33,1.1,34,278.0
762,13.3,1.2,4,4,5,1,0,8,0,0,4,0,256,0,0,1,93,1.8,50,1449.0
1101,15.6,2.2,11,1,5,1,0,8,0,0,4,1000,0,0,0,1,66,2.5,62,1089.0
994,12.5,0.97,7,2,5,1,0,8,0,0,4,0,512,0,0,1,40,1.2,37,1908.0
528,14.0,1.6,4,4,2,1,0,8,0,0,4,0,256,0,0,1,87,2.8,42,1099.0
926,15.6,2.2,10,3,4,0,0,8,0,0,1,500,0,0,0,1,77,2.5,54,629.0
791,15.6,1.86,7,3,4,0,0,4,0,0,1,1000,0,0,0,1,48,2.0,38,345.99
351,14.0,1.68,0,3,1,0,0,4,0,0,1,0,0,32,0,2,32,1.6,32,349.0
166,15.6,2.09,4,3,7,1,0,8,0,0,4,0,256,0,0,1,61,2.4,38,1062.95
1196,15.6,2.1,0,3,5,0,0,4,0,0,1,1000,0,0,0,2,33,1.1,34,348.0
1056,15.6,2.33,4,3,5,1,0,8,0,0,4,1000,0,0,0,1,72,1.6,5,844.0
909,17.3,3.49,14,1,5,1,1,32,0,1,14,0,1000,0,0,1,90,2.9,68,6099.0
1189,15.6,2.2,10,3,5,0,0,4,0,0,1,0,0,0,0,1,18,2.2,9,349.0
654,17.3,3.78,11,1,5,1,0,16,0,0,4,1000,256,0,0,1,89,2.8,66,2499.0
968,15.6,2.2,10,3,5,1,0,4,0,0,4,500,0,0,0,1,59,2.3,38,535.0
1027,12.5,1.26,7,4,7,1,0,8,0,0,4,0,256,0,0,1,76,2.5,38,2296.95
217,11.6,1.4,10,2,5,0,1,4,0,0,0,0,0,0,0,2,32,1.6,32,475.0
1224,12.5,1.36,10,4,5,1,0,8,1,0,4,0,256,0,0,1,85,2.7,42,1584.0
559,17.3,2.77,4,3,5,1,1,16,0,0,4,0,512,0,0,1,93,1.8,52,1549.0
136,13.3,1.29,4,4,5,1,1,8,1,0,4,0,0,0,0,1,63,2.5,42,899.0
420,13.3,1.62,4,0,5,1,1,8,1,0,4,1000,0,0,0,1,93,1.8,50,839.0
54,13.3,1.05,16,4,5,1,1,32,0,0,4,0,512,0,0,1,85,2.7,42,2799.0
788,15.6,2.1,0,3,5,0,0,4,0,0,1,0,256,0,0,1,11,3.0,12,451.0
628,15.6,2.2,7,3,5,1,0,8,1,0,4,1000,0,0,0,1,66,2.5,62,1099.0
1215,15.6,2.05,10,3,5,1,0,8,0,0,4,0,256,0,0,1,93,1.8,50,880.0
396,15.6,1.9,10,3,4,0,0,4,0,0,1,1000,0,0,0,1,46,2.0,38,339.0
1083,15.6,2.2,2,3,5,0,0,4,0,0,1,500,0,0,0,2,30,1.6,31,369.0
20,13.3,1.28,7,0,5,1,1,8,0,0,4,0,256,0,0,1,63,2.5,42,2277.0
1263,13.3,1.49,7,3,5,1,0,16,0,0,4,0,512,0,0,1,93,1.8,50,1197.0
258,15.6,2.62,4,1,2,1,0,8,0,0,4,1000,0,0,0,1,89,2.8,64,929.0
159,15.6,2.18,4,3,5,0,0,4,0,0,1,1000,0,0,0,1,46,2.0,38,558.6
572,15.6,2.5,10,1,5,1,0,16,1,0,4,1000,512,0,0,1,19,2.1,26,999.0
374,15.6,2.0,16,3,5,1,0,8,1,0,4,500,0,0,0,1,63,2.5,42,860.0
25,12.5,1.26,7,4,7,0,0,8,0,0,1,0,256,0,0,1,61,2.4,38,1895.0
345,15.6,2.4,10,1,5,1,0,4,1,0,4,1000,0,0,0,1,89,2.8,62,999.0
827,11.6,1.63,4,2,5,0,0,4,0,0,1,0,0,0,0,4,100,1.1,35,744.0
661,15.6,2.04,7,3,5,1,0,8,0,0,4,0,256,0,0,1,63,2.5,57,889.0
102,13.3,1.37,10,0,5,1,1,8,1,0,4,0,512,0,0,1,85,2.7,42,2025.0
185,17.3,2.73,2,1,5,1,0,8,1,0,4,1000,0,0,0,1,66,2.5,65,1770.0
69,17.3,2.69,2,3,5,1,0,8,0,0,4,500,256,0,0,1,63,2.5,71,891.0
327,15.6,2.4,11,1,5,1,0,16,1,0,4,1000,256,0,0,1,89,2.8,65,1799.0
439,11.6,1.25,0,2,1,0,0,4,1,0,0,0,0,32,0,2,32,1.6,32,297.0
662,17.3,4.14,11,1,5,1,0,16,0,0,4,1000,512,0,0,1,89,2.8,66,2499.0
799,15.6,2.2,2,3,5,1,0,4,0,0,4,1000,0,0,0,1,1,2.5,18,575.0
555,15.6,2.1,7,3,5,1,0,4,1,0,4,500,0,0,0,1,72,1.6,42,722.0
40,14.0,1.75,16,3,5,0,0,4,1,0,0,0,0,0,0,1,59,2.3,38,1020.0
1110,13.3,1.3,10,0,5,1,1,16,1,0,13,0,512,0,0,1,77,2.5,38,1499.0
998,14.0,1.36,7,4,5,1,0,8,1,0,4,0,256,0,0,1,85,2.7,42,1750.0
500,17.3,2.9,11,1,5,1,0,8,0,0,4,1000,0,0,0,1,80,2.6,73,1511.19
734,13.3,1.23,4,4,5,1,1,8,0,0,13,0,256,0,0,1,72,1.6,50,1869.0
974,14.0,1.7,10,3,5,1,0,8,0,0,4,0,180,0,0,1,63,2.5,42,1364.0
117,13.3,1.28,7,0,5,1,1,4,0,0,4,0,256,0,0,1,63,2.5,42,1799.0
392,15.6,2.04,7,3,5,0,0,4,0,0,1,0,256,0,0,1,51,2.4,42,769.99
1060,15.6,2.2,4,3,5,1,0,16,0,0,4,2000,256,0,0,1,93,1.8,5,1219.24
613,15.6,2.37,2,3,5,1,0,8,0,0,4,0,256,0,0,1,63,2.5,42,1099.0
711,14.0,1.63,7,3,5,1,0,8,0,0,4,0,512,0,0,1,93,1.8,50,1084.0
1245,15.6,2.18,4,3,5,0,0,4,0,0,1,0,0,0,0,1,51,2.4,42,547.0
639,14.0,1.1,2,4,5,1,0,8,0,0,4,0,512,0,0,1,85,2.7,42,1873.0
9,17.3,3.0,0,3,5,1,0,4,1,0,4,0,256,0,0,1,72,1.6,79,805.0
1213,15.6,1.9,10,3,4,0,0,4,0,0,1,500,0,0,0,1,48,2.0,38,450.0
535,15.6,2.62,4,1,5,1,0,8,1,0,4,1000,0,0,0,1,89,2.8,63,1159.0
155,13.3,1.23,4,4,2,1,1,8,0,0,13,0,256,0,0,1,61,2.4,38,1099.0
1074,17.3,2.63,7,3,5,1,0,8,0,0,4,1000,0,0,0,1,85,2.7,57,1280.0
472,11.6,1.39,4,0,5,0,1,4,0,0,0,0,0,0,0,1,41,1.0,41,603.0
47,17.3,2.8,10,3,4,1,0,4,0,0,4,500,0,0,0,1,48,2.0,38,529.0
5,17.3,2.5,7,3,5,1,0,8,0,0,4,0,256,0,0,1,72,1.6,50,928.0
466,15.6,2.0,2,3,5,0,0,4,0,0,1,1000,0,0,0,1,51,2.4,42,435.0
712,14.0,1.63,7,3,5,1,0,8,0,0,4,1000,0,0,0,1,72,1.6,50,812.0
212,14.0,1.5,0,3,5,1,0,8,1,0,4,0,0,0,0,1,51,2.4,42,619.0
1067,15.6,1.86,7,3,4,1,0,8,0,0,4,0,256,0,0,1,63,2.5,42,575.0
785,15.6,2.04,7,3,5,0,0,8,0,0,1,2000,0,0,0,4,99,1.6,33,389.0
332,15.6,1.95,4,3,5,0,0,8,0,0,1,0,0,0,0,1,63,2.5,42,810.0
1199,15.6,2.94,11,1,5,1,0,16,0,0,4,1000,256,0,0,1,89,2.8,66,2267.86
412,15.6,2.0,4,3,5,1,0,8,0,0,4,0,256,0,0,1,89,2.8,62,1829.0
200,14.0,1.43,7,4,5,1,0,8,0,0,4,0,256,0,0,1,77,2.5,38,1500.0
509,15.6,2.0,16,3,5,1,0,8,1,0,4,0,256,0,0,1,63,2.5,42,943.0
411,15.6,2.2,11,1,5,1,0,8,0,0,4,1000,0,0,0,1,89,2.8,62,1149.0
627,13.3,1.37,10,0,5,1,1,8,1,0,4,0,256,0,0,1,85,2.7,42,1950.0
1088,15.6,2.2,10,3,5,1,0,12,0,0,4,2000,0,0,0,1,4,3.6,5,899.0
881,15.6,1.95,4,3,5,0,0,4,0,0,1,500,0,0,0,1,59,2.3,38,729.9
914,13.3,1.22,4,0,5,1,1,16,0,0,13,0,512,0,0,1,92,1.3,41,1899.0
690,15.6,2.0,16,3,5,0,0,8,0,0,1,0,0,0,0,1,63,2.5,42,793.0
111,15.6,1.9,7,3,5,1,0,8,0,0,4,500,0,0,0,1,63,2.5,0,1154.0
26,15.6,2.04,7,3,5,1,0,8,1,0,4,1000,0,0,0,1,64,2.7,57,979.0
375,17.3,4.42,4,1,5,1,0,16,1,0,4,1000,256,0,0,1,89,2.8,66,2699.0
289,15.6,2.21,7,3,5,1,0,12,1,0,4,1000,0,0,0,1,89,2.8,62,1327.0
1007,13.3,1.32,7,3,5,1,0,4,1,0,4,0,256,0,0,1,63,2.5,42,699.0
476,10.1,0.69,10,0,5,0,1,4,1,0,5,0,0,64,0,1,27,1.44,32,479.0
475,14.0,1.4,2,3,5,1,0,8,0,0,4,0,256,0,0,1,72,1.6,50,941.0
125,15.6,2.5,0,3,2,1,0,8,0,0,4,0,256,0,0,1,89,2.8,62,879.0
1154,14.0,1.54,7,4,5,1,0,8,0,0,4,0,512,0,0,1,77,2.5,38,1468.0
1184,15.6,2.6,7,5,5,1,0,8,0,0,4,0,256,0,0,1,89,2.8,82,1738.27
322,15.6,2.2,5,3,5,0,0,8,0,0,1,1000,0,0,0,1,63,2.5,42,739.0
280,15.0,1.23,15,4,5,1,0,16,0,0,4,0,256,0,0,1,85,2.7,59,1849.0
63,15.6,2.2,10,3,4,1,0,8,0,0,4,0,256,0,0,1,63,2.5,59,629.0
547,15.6,2.1,2,1,5,1,0,16,0,0,4,1000,0,0,0,1,89,2.8,65,1899.0
1293,13.3,1.45,10,3,1,0,0,4,0,0,1,0,0,16,0,2,29,1.6,36,459.9
536,15.6,2.1,0,3,2,0,0,4,0,0,1,1000,0,0,0,1,48,2.0,38,390.0
687,15.6,1.9,10,3,5,0,0,4,0,0,1,0,0,0,0,1,63,2.5,42,498.0
1023,15.6,2.2,4,3,2,1,0,8,0,0,4,1000,0,0,0,1,85,2.7,18,599.9
210,15.6,2.1,7,3,5,1,0,4,0,0,4,1000,0,0,0,1,5,2.5,10,398.0
657,15.6,1.9,4,3,5,0,0,8,0,0,1,500,0,0,0,1,67,2.6,42,1008.52
671,15.6,2.3,2,1,5,1,0,8,1,0,4,1000,0,0,0,1,89,2.8,65,1655.0
194,15.6,2.3,10,3,5,1,0,4,1,0,4,1000,0,0,0,1,60,2.3,71,977.0
672,14.0,1.48,7,3,5,1,0,8,0,0,4,0,256,0,0,1,85,2.7,42,1292.0
1152,15.6,2.23,0,3,5,0,0,4,0,0,1,500,0,0,0,1,63,2.5,42,619.0
201,17.3,2.8,11,1,5,1,0,16,0,0,4,1000,256,0,0,1,89,2.8,65,1890.0
792,14.0,2.1,0,3,5,0,0,8,0,0,1,1000,0,0,0,1,48,2.0,38,389.0
306,14.0,1.14,10,4,5,1,0,16,1,0,4,0,512,0,0,1,85,2.7,42,2450.0
828,15.6,2.3,4,3,5,1,1,16,0,0,4,1000,0,0,0,1,85,2.7,24,859.01
1055,12.5,1.26,7,2,5,1,0,8,0,0,4,0,512,0,0,1,85,2.7,42,1483.0
813,17.3,4.36,4,1,5,1,0,32,0,1,14,1000,1000,0,0,1,89,2.8,66,3659.4
1000,13.3,1.6,0,0,5,1,1,8,1,0,4,0,256,0,0,1,77,2.5,38,789.01
110,15.6,2.04,7,3,5,1,0,8,0,0,4,1000,0,0,0,1,63,2.5,42,806.0
399,15.6,2.4,0,3,2,0,0,4,0,0,1,500,0,0,0,1,63,2.5,42,441.8
636,15.6,2.2,10,3,4,1,0,8,0,0,4,1000,0,0,0,1,85,2.7,59,709.0
1264,14.0,1.48,7,4,5,1,0,4,0,0,4,0,256,0,0,1,69,2.7,42,1082.0
318,15.6,2.5,10,1,5,1,0,16,1,0,4,0,256,0,0,1,89,2.8,63,1079.0
172,14.0,1.2,0,0,5,1,1,8,1,0,4,0,256,0,0,1,92,1.3,41,1149.0
293,15.6,3.0,0,3,5,1,0,8,1,0,4,0,256,0,0,1,93,1.8,79,951.0
138,14.0,1.8,10,0,7,1,1,8,1,0,4,0,512,0,0,1,79,2.6,87,2050.38
747,15.6,2.3,11,1,5,1,0,8,0,0,4,1000,0,0,0,1,80,2.6,73,1169.0
801,14.0,1.1,10,3,7,0,0,16,1,0,10,0,256,0,0,1,79,2.6,38,2620.0
45,14.0,1.36,4,4,5,1,0,8,0,0,4,0,512,0,0,1,87,2.8,31,1680.0
1262,15.6,2.2,10,3,5,0,0,8,0,0,1,0,0,0,0,1,48,2.0,38,589.0
923,13.3,1.6,0,0,5,1,1,8,1,0,4,0,256,0,0,1,59,2.3,38,689.0
879,17.3,3.3,0,3,5,0,0,8,0,0,3,1000,0,0,0,1,46,2.0,59,629.0
931,13.3,1.2,16,4,5,1,0,8,0,0,4,0,256,0,0,1,59,2.3,38,1590.0
730,15.6,2.2,2,1,5,1,0,8,0,0,4,1000,0,0,0,1,80,2.6,65,1169.0
55,15.6,2.3,2,3,2,1,0,8,0,0,4,1000,0,0,0,1,51,2.4,59,597.0
373,13.3,1.48,7,0,5,0,1,8,0,0,10,0,512,0,0,1,79,2.6,38,2041.0
603,15.6,2.2,10,3,5,1,0,6,0,0,4,0,256,0,0,1,85,2.7,59,789.0
197,13.3,1.05,16,3,5,1,0,8,0,0,4,0,256,0,0,1,63,2.5,42,1475.0
599,17.3,3.2,2,1,5,1,0,8,0,0,4,1000,256,0,0,1,21,3.2,29,1695.0
1258,17.3,4.2,0,1,5,1,0,16,1,0,4,1000,256,0,0,1,89,2.8,65,2299.0
682,14.0,1.63,7,3,5,0,0,4,1,0,0,500,0,0,0,1,72,1.6,50,722.0
752,14.0,1.6,0,4,5,1,0,8,1,0,4,0,256,0,0,1,72,1.6,50,770.0
283,13.3,1.35,12,3,5,1,0,4,1,0,4,0,0,32,0,1,26,1.44,31,255.0
1205,15.6,2.0,16,3,5,1,0,8,1,0,4,0,256,0,0,1,85,2.7,42,1388.0
1237,15.6,2.1,0,3,2,0,0,4,0,0,1,1000,0,0,0,2,34,2.0,34,272.0
28,15.6,2.19,4,0,5,1,1,12,1,0,4,0,512,0,0,1,85,2.7,42,1299.0
809,15.6,2.13,4,3,5,1,0,8,0,0,4,0,256,0,0,1,93,1.8,4,767.8
1274,15.6,1.91,7,3,5,1,0,6,1,0,4,0,0,0,0,1,1,2.5,5,568.9
532,15.6,1.96,7,3,5,1,0,8,0,0,4,0,256,0,0,1,63,2.5,42,598.99
1167,14.0,1.95,14,1,5,1,0,16,0,0,4,0,1000,0,0,1,89,2.8,65,3499.0
942,15.6,2.3,10,3,5,1,0,8,1,0,4,0,256,0,0,1,63,2.5,42,911.0
638,15.6,2.1,0,3,5,1,1,6,1,0,4,1000,0,0,0,1,51,2.4,42,479.0
739,15.6,2.04,7,3,5,1,0,8,0,0,4,1000,0,0,0,1,85,2.7,57,900.0
1181,15.6,2.37,2,3,5,0,0,4,0,0,1,1000,0,0,0,1,51,2.4,42,398.99
109,17.3,4.0,2,1,5,1,0,16,1,0,4,1000,0,0,0,1,80,2.6,75,1900.0
1235,15.6,2.18,4,3,5,0,0,8,0,0,1,0,0,0,0,1,63,2.5,42,713.99
640,15.6,1.84,7,4,5,1,0,8,0,0,4,0,256,0,0,1,77,2.5,22,1296.99
319,15.6,2.3,10,3,4,1,0,8,1,0,4,0,256,0,0,1,63,2.5,42,573.0
1002,14.0,1.65,2,3,5,0,0,2,0,0,1,0,0,32,0,1,17,1.5,8,199.0
132,14.0,1.76,4,3,5,0,0,4,0,0,1,500,0,0,0,1,59,2.3,38,755.0
560,11.6,1.17,7,2,5,0,0,2,0,0,1,0,0,32,0,2,32,1.6,32,209.0
601,15.6,1.86,2,3,5,0,0,4,0,0,1,0,0,0,0,2,33,1.1,34,419.0
495,17.3,4.42,4,1,5,1,0,32,1,0,4,1000,512,0,0,1,89,2.8,66,3072.89
839,15.6,2.5,2,1,5,1,0,16,0,0,4,1000,256,0,0,1,89,2.8,63,1799.0
622,15.6,2.67,4,0,5,1,1,8,0,0,4,0,256,0,0,1,72,1.6,50,799.0
619,17.3,2.0,2,3,5,1,0,4,0,0,4,1000,0,0,0,1,48,2.0,54,564.0
631,14.0,1.6,11,1,5,1,0,16,1,0,4,1000,256,0,0,1,89,2.8,65,1891.0
515,17.3,2.8,10,3,4,0,0,8,0,0,3,0,256,0,0,1,72,1.6,79,698.0
869,15.6,1.09,9,4,5,1,0,8,1,0,4,0,512,0,0,1,93,1.8,42,2299.0
1068,15.6,2.59,7,5,7,1,0,8,1,0,4,0,256,0,0,1,80,2.6,81,2229.0
99,14.0,1.5,4,4,5,0,1,8,0,0,10,0,256,0,0,1,79,2.6,38,1962.98
795,14.0,1.65,2,3,6,0,0,4,0,0,1,0,0,0,0,1,13,1.5,8,277.99
408,13.3,1.3,10,0,5,1,1,16,1,0,13,0,512,0,0,1,77,2.5,38,1499.0
634,17.3,4.33,2,1,5,1,1,24,1,0,4,1000,256,0,0,1,80,2.6,74,1269.0
489,15.6,2.1,0,3,5,0,0,4,0,0,1,500,0,0,0,1,11,3.0,12,400.0
544,17.3,2.7,11,1,5,1,0,8,0,0,4,1000,0,0,0,1,89,2.8,65,1409.0
853,15.6,2.3,10,3,5,1,0,8,1,0,4,1000,0,0,0,1,63,2.5,42,850.66
15,14.0,1.32,10,3,5,1,0,8,1,0,4,0,256,0,0,1,67,2.6,42,1650.0
485,13.3,1.22,4,0,5,1,1,16,0,0,4,0,256,0,0,1,92,1.3,41,1649.0
290,15.6,2.0,2,3,5,0,0,4,0,0,1,500,0,0,0,4,100,1.1,34,304.0
860,15.6,2.2,0,3,5,0,0,12,1,0,0,1000,0,0,0,1,72,1.6,78,693.99
1206,14.0,1.95,7,3,5,0,0,4,0,0,1,500,0,0,0,1,63,2.5,42,1060.0
1174,15.6,2.18,4,3,5,1,0,8,0,0,4,0,256,0,0,1,63,2.5,16,789.81
566,15.6,2.18,4,3,2,0,0,4,0,0,1,1000,0,0,0,1,48,2.0,16,465.0
227,15.6,2.4,10,1,4,1,0,8,1,0,4,1000,0,0,0,1,66,2.5,62,809.0
967,15.6,2.04,7,3,5,1,0,6,0,0,4,0,0,0,1000,1,9,2.9,23,549.99
423,14.0,1.76,4,3,5,0,0,4,0,0,1,500,0,0,0,1,48,2.0,38,585.0
1221,14.0,1.6,0,3,5,1,0,4,0,0,4,0,0,32,0,4,36,1.1,34,329.0
1116,13.3,1.39,7,4,5,1,1,8,0,0,13,0,256,0,0,1,85,2.7,42,1149.0
947,15.6,2.0,2,3,5,0,0,8,0,0,1,1000,0,0,0,2,33,1.1,34,399.0
178,14.0,1.17,10,4,5,1,0,8,1,0,10,0,512,0,0,1,77,2.5,38,1686.64
580,14.0,1.64,4,3,2,1,0,8,0,0,4,0,256,0,0,1,68,2.8,57,1089.0
370,15.6,2.0,4,3,5,0,0,8,0,0,1,0,256,0,0,1,48,2.0,38,665.0
291,12.0,0.92,1,4,8,0,0,8,1,0,8,0,512,0,0,1,53,1.3,41,1510.0
652,17.3,3.0,0,3,5,1,0,4,1,0,4,1000,0,0,0,1,52,2.7,78,655.0
349,14.0,1.4,10,4,7,1,0,12,0,0,4,0,512,0,0,1,79,2.6,38,2299.0
23,13.3,1.34,1,4,8,0,0,8,0,0,2,0,0,0,0,1,55,1.8,40,898.94
956,15.6,2.1,0,3,5,0,0,4,0,0,1,0,0,0,0,1,48,2.0,38,449.0
996,17.3,2.65,7,3,5,0,0,8,0,0,3,1000,0,0,0,1,48,2.0,38,544.15
1296,15.6,2.6,4,1,5,1,0,16,0,0,4,1000,0,0,0,1,89,2.8,63,1349.0
482,17.3,4.6,10,1,5,1,0,16,1,0,4,0,256,0,1000,1,81,2.7,76,2749.99
650,15.6,2.1,0,3,2,0,0,4,0,0,1,0,0,0,0,1,48,2.0,38,412.0
624,14.0,1.6,0,3,5,0,0,4,0,0,1,0,0,0,0,4,99,1.6,33,349.0
888,13.3,1.26,7,0,5,1,1,8,1,0,4,0,256,0,0,1,72,1.6,50,1398.99
488,14.0,1.68,0,3,1,0,0,2,0,0,1,0,0,32,0,2,32,1.6,32,330.0
1238,15.6,2.3,4,3,2,1,0,4,0,0,4,0,256,0,0,1,63,2.5,18,598.9
154,14.0,1.56,4,3,5,1,0,8,0,0,4,0,256,0,0,1,61,2.4,38,1229.0
381,12.5,1.2,2,0,1,1,1,4,0,0,4,0,0,64,0,1,42,0.9,37,669.0
512,14.0,1.13,10,4,5,1,0,8,1,0,4,0,0,256,0,1,85,2.7,42,2049.0
494,15.6,2.5,10,3,7,1,0,16,0,1,14,0,512,0,0,1,82,2.7,83,2370.0
742,15.6,2.08,4,0,5,1,1,4,1,0,4,1000,0,0,0,1,50,2.3,38,795.99
61,17.3,2.8,4,3,5,1,0,8,0,0,4,1000,0,0,0,1,72,1.6,5,1085.0
907,15.6,2.09,4,3,5,1,0,8,0,0,4,500,0,0,0,1,61,2.4,38,1046.44
308,17.3,4.14,11,1,5,1,0,16,0,0,4,1000,0,0,0,1,81,2.7,75,2199.0
72,15.6,2.2,2,3,5,0,0,4,0,0,1,500,0,0,0,2,30,1.6,31,369.0
454,15.6,2.2,4,3,5,1,0,8,0,0,4,1000,0,0,0,1,72,1.6,4,675.0
978,17.3,2.43,11,1,5,1,0,16,1,1,14,2000,512,0,0,1,80,2.6,65,2649.0
581,14.0,1.45,12,3,5,1,0,4,1,0,4,0,32,0,0,4,36,1.1,34,389.0
1192,13.3,1.37,1,4,8,0,0,8,1,0,11,0,512,0,0,1,58,3.1,48,2040.0
1268,14.0,1.75,10,4,5,1,0,8,1,0,4,0,256,0,0,1,93,1.8,27,1215.38
1160,13.3,1.37,10,0,5,1,1,8,1,0,4,0,256,0,0,1,85,2.7,42,1757.42
1040,15.6,2.38,10,3,5,0,0,4,0,0,1,500,0,0,0,1,63,2.5,42,1055.0
658,15.6,1.93,4,3,5,1,0,8,0,0,4,0,256,0,0,1,87,2.8,57,1369.0
1018,15.6,2.1,10,0,5,1,1,4,1,0,4,0,256,0,0,1,59,2.3,38,867.0
531,15.6,2.4,10,1,5,1,0,16,1,0,4,2000,256,0,0,1,89,2.8,63,1129.0
723,12.5,1.6,4,4,5,1,0,8,0,0,4,0,256,0,0,1,87,2.8,42,1690.0
1077,15.6,2.3,10,3,5,1,0,8,0,0,4,1000,0,0,0,1,63,2.5,59,819.0
877,13.3,1.2,2,4,5,1,0,8,1,0,4,0,512,0,0,1,39,0.9,37,729.0
645,15.6,1.86,7,3,5,0,0,4,0,0,1,1000,0,0,0,1,63,2.5,42,488.69
342,15.6,1.86,7,3,5,1,0,4,0,0,4,1000,0,0,0,1,48,2.0,38,469.0
426,17.3,4.14,11,1,5,1,0,16,0,0,4,1000,512,0,0,1,90,2.9,66,2729.0
753,14.0,1.8,10,3,5,1,0,8,0,0,4,0,256,0,0,1,60,2.3,38,1191.0
261,13.5,1.252,13,4,6,0,1,8,0,0,7,0,256,0,0,1,87,2.8,47,1867.85
395,12.0,0.92,1,4,3,0,0,8,1,0,8,0,0,512,0,1,38,1.2,39,1165.0
766,15.6,1.9,10,3,4,0,0,4,0,0,1,1000,0,0,0,1,63,2.5,42,489.9
209,15.0,2.08,4,0,5,1,1,4,0,0,4,500,0,0,0,1,51,2.4,42,509.0
1138,14.0,1.54,7,4,7,0,0,8,0,0,10,0,256,0,0,1,77,2.5,38,2198.19
64,14.0,1.96,10,4,5,1,0,8,1,0,4,0,256,0,0,1,89,2.8,61,1903.0
1161,13.3,1.5,2,0,5,1,1,6,0,0,4,1000,0,0,0,1,63,2.5,42,639.01
366,13.3,1.16,7,3,5,1,0,8,0,0,4,0,256,0,0,1,59,2.3,38,1690.0
92,15.6,2.4,0,3,5,0,0,4,0,0,1,500,0,0,0,1,8,2.2,12,387.0
50,12.5,1.09,7,4,5,1,1,8,0,1,14,0,240,0,0,1,40,1.2,37,3100.0
656,13.3,1.2,16,4,5,0,0,8,0,0,1,0,256,0,0,1,59,2.3,38,1095.0
606,14.0,1.5,10,3,5,0,0,2,0,0,1,0,0,64,0,2,30,1.6,31,229.0
503,15.6,2.32,10,3,7,1,0,4,0,0,4,0,0,0,1000,1,77,2.5,38,825.0
1288,15.6,2.18,4,3,5,0,0,4,0,0,1,1000,0,0,0,1,63,2.5,16,684.99
1193,14.0,1.8,10,0,5,1,1,4,1,0,4,0,0,0,0,1,77,2.5,38,638.0
188,13.3,1.2,16,3,5,1,0,8,0,0,4,0,256,0,0,1,59,2.3,38,1213.0
945,13.3,1.24,4,0,5,1,1,8,0,0,4,0,256,0,0,1,70,1.2,41,1899.0
1024,15.6,1.86,7,3,5,0,0,4,0,0,1,500,0,0,0,1,48,2.0,4,438.69
53,17.3,2.5,7,3,5,1,0,4,1,0,4,0,256,0,0,1,48,2.0,13,699.0
981,15.6,2.2,10,3,5,1,0,8,0,0,4,1000,0,0,0,1,85,2.7,54,899.0
1282,15.6,2.6,10,1,5,1,1,16,1,0,4,1000,0,0,0,1,80,2.6,73,1029.0
721,15.6,2.1,7,3,5,1,0,6,0,0,4,1000,0,0,0,1,3,2.7,5,529.0
441,15.6,2.18,4,3,2,0,0,4,0,0,1,1000,0,0,0,1,63,2.5,38,521.86
1222,13.3,1.38,7,4,5,1,0,8,1,0,4,0,256,0,0,1,85,2.7,79,1119.0
992,15.6,2.18,4,3,5,1,0,8,0,0,4,0,256,0,0,1,85,2.7,59,1009.9
1271,11.6,1.1,2,0,5,0,1,2,0,0,0,0,0,32,0,2,33,1.1,34,275.0
546,15.6,2.2,2,3,5,0,0,4,0,0,1,500,0,0,0,2,30,1.6,31,369.0
541,14.0,1.43,7,3,7,1,0,8,0,0,4,0,256,0,0,1,59,2.3,38,1469.0
915,14.0,1.95,14,1,5,1,0,16,0,0,4,0,256,0,0,1,89,2.8,65,2599.0
543,13.3,1.37,10,0,5,1,1,8,1,0,4,0,512,0,0,1,63,2.5,42,1825.0
139,15.6,2.04,7,3,5,0,1,4,0,0,0,1000,0,0,0,1,72,1.6,50,521.47
929,15.6,2.3,4,3,2,0,0,8,0,0,1,1000,0,0,0,1,85,2.7,18,805.99
565,15.6,2.04,7,3,5,0,0,8,0,0,1,2000,0,0,0,1,85,2.7,42,629.0
300,15.6,2.2,10,3,5,0,0,8,0,0,1,0,256,0,0,1,63,2.5,42,597.0
960,15.6,1.86,7,3,4,0,0,4,0,0,1,0,0,0,0,2,32,1.6,32,299.0
750,17.3,2.75,7,1,5,1,0,8,1,0,4,1000,0,0,0,1,60,2.3,74,1399.0
362,15.6,2.37,2,3,5,0,0,4,0,0,1,0,256,0,0,1,85,2.7,42,849.9
808,13.3,1.36,16,4,5,1,1,16,0,0,4,0,512,0,0,1,77,2.5,38,1877.0
263,15.6,2.62,4,1,5,1,0,8,0,0,4,0,0,0,1000,1,89,2.8,62,899.0
701,14.0,1.25,16,3,5,1,1,8,1,0,4,0,256,0,0,1,63,2.5,42,1535.0
549,11.6,1.4,0,2,5,0,0,4,0,0,1,0,0,32,0,2,30,1.6,31,269.0
530,17.3,2.8,2,3,5,0,0,4,0,0,1,1000,0,0,0,4,100,1.1,54,470.34
1010,14.0,1.87,10,3,5,1,0,8,1,0,4,0,256,0,0,1,63,2.5,54,857.07
382,15.6,2.4,10,1,4,1,0,8,1,0,4,0,256,0,0,1,66,2.5,62,779.0
80,15.6,2.04,4,3,5,1,1,8,1,1,14,0,256,0,0,1,60,2.3,60,2250.68
939,15.6,2.62,4,1,5,1,0,8,0,0,4,0,256,0,0,1,66,2.5,62,985.0
789,14.0,1.64,7,3,5,1,0,8,0,0,4,0,256,0,0,1,85,2.7,57,1185.43
1239,15.6,2.3,10,3,5,1,0,8,0,0,4,0,256,0,0,1,59,2.3,38,1049.6
871,15.6,1.84,7,3,5,1,0,8,0,0,4,0,256,0,0,1,85,2.7,42,1304.0
218,12.5,1.26,7,4,5,1,0,4,0,0,4,500,0,0,0,1,63,2.5,42,1539.0
1182,15.6,1.88,4,4,5,1,0,8,0,0,4,0,256,0,0,1,94,1.9,50,1298.0
928,15.6,1.91,7,3,5,0,0,8,0,0,1,0,256,0,0,1,63,2.5,4,618.99
722,15.6,2.2,10,3,5,0,0,8,0,0,1,1000,0,0,0,1,46,2.0,38,459.0
126,15.6,2.2,4,3,2,1,0,8,0,0,4,1000,0,0,0,1,72,1.6,4,647.0
486,14.0,1.42,10,0,5,0,1,16,0,0,10,0,512,0,0,1,85,2.7,42,2509.0
1230,15.6,2.2,16,3,5,1,0,8,1,0,4,0,256,0,0,1,77,2.5,56,1043.0
823,15.6,2.0,4,3,5,1,0,8,0,0,4,0,256,0,0,1,72,1.6,59,1142.75
1300,15.6,2.36,4,3,5,1,0,8,0,0,4,1000,0,0,0,1,63,2.5,24,638.8
1190,15.6,1.86,7,3,5,0,0,4,0,0,1,500,0,0,0,1,48,2.0,38,439.0
401,15.6,2.1,0,3,5,0,0,4,0,0,1,1000,0,0,0,4,100,1.1,35,363.51
427,13.3,1.37,1,4,8,0,0,8,1,0,11,0,0,0,0,1,56,2.3,47,1339.69
990,12.5,0.99,10,4,5,0,1,8,1,0,10,0,512,0,0,1,40,1.2,37,1399.0
1043,15.6,1.98,4,3,5,1,0,8,0,0,4,1000,0,0,0,1,85,2.7,61,961.0
720,17.3,2.4,10,3,7,1,0,16,1,1,14,0,512,0,0,1,82,2.7,80,2968.0
973,15.6,2.5,0,3,2,1,0,8,0,0,4,0,256,0,0,1,89,2.8,63,979.0
191,11.6,1.25,10,2,1,0,0,4,0,0,1,0,16,0,0,2,32,1.6,32,265.0
96,17.3,3.78,7,1,5,1,0,16,1,0,4,1000,256,0,0,1,89,2.8,62,1498.0
1233,15.6,2.2,10,3,4,1,0,8,0,0,4,1000,0,0,0,1,85,2.7,59,659.01
526,14.0,1.22,17,3,5,0,0,4,0,0,4,0,0,32,0,2,33,1.1,34,202.9
1122,15.6,3.2,10,1,5,1,0,8,1,0,4,1000,256,0,0,1,89,2.8,65,1399.0
325,15.6,1.86,7,3,4,0,0,4,0,0,1,500,0,0,0,1,48,2.0,38,364.9
315,15.6,2.6,10,3,5,1,0,8,1,0,4,1000,0,0,0,1,80,2.6,73,899.0
554,15.6,1.84,7,4,5,1,0,8,0,0,4,0,512,0,0,1,85,2.7,42,1389.0
902,15.6,1.88,7,4,7,1,0,8,0,0,4,0,256,0,0,1,77,2.5,38,2171.72
890,15.6,2.14,4,3,5,0,0,8,0,0,1,1000,0,0,0,1,63,2.5,42,539.95
697,12.5,1.36,10,4,5,1,0,8,1,0,4,0,256,0,0,1,63,2.5,42,1429.0
709,15.6,2.2,2,1,5,1,0,16,0,0,4,1000,256,0,0,1,89,2.8,66,2449.0
130,15.6,2.4,11,1,5,1,0,16,0,0,4,1000,256,0,0,1,89,2.8,62,1294.0
972,13.3,1.6,0,0,5,1,1,8,1,0,4,0,256,0,0,1,72,1.6,50,999.0
333,17.3,4.42,4,1,5,1,0,32,1,0,4,1000,1000,0,0,1,89,2.8,67,3588.8
1142,15.6,2.3,4,3,5,1,0,4,0,0,4,500,0,0,0,1,63,2.5,18,585.0
934,13.3,1.29,4,4,5,1,1,16,0,0,13,0,512,0,0,1,88,2.5,47,2240.0
520,17.3,2.8,4,3,5,1,0,8,0,0,4,1000,0,0,0,1,93,1.8,5,1142.0
1111,15.6,1.84,7,3,5,1,0,8,0,0,4,500,256,0,0,1,61,2.4,38,2103.34
256,14.0,2.0,2,3,5,1,0,8,0,0,4,1000,256,0,0,1,85,2.7,42,1334.0
156,12.5,1.34,4,0,5,1,1,8,0,0,4,0,256,0,0,1,63,2.5,42,1670.0
305,15.6,2.2,16,3,5,0,0,8,0,0,1,500,0,0,0,1,77,2.5,56,812.0
169,15.6,2.2,0,3,1,0,0,4,0,0,1,0,16,0,0,2,28,1.5,31,209.0
1254,17.3,4.36,4,1,5,1,0,16,1,1,14,1000,512,0,0,1,89,2.8,66,3154.0
1191,15.6,2.2,4,3,2,1,0,8,0,0,4,0,256,0,0,1,85,2.7,18,749.01
437,15.6,2.08,4,0,5,1,1,8,1,0,4,1000,0,0,0,1,93,1.8,50,819.0
1177,14.0,2.8,10,0,5,0,1,16,1,0,10,0,512,0,0,1,79,2.6,38,2440.0
377,15.6,2.0,4,3,5,1,0,8,0,0,4,0,256,0,0,1,89,2.8,62,1820.0
667,13.3,1.44,10,3,5,1,0,8,1,0,4,0,256,0,0,1,63,2.5,42,960.0
616,17.3,3.14,7,5,5,1,0,8,0,0,4,500,0,0,0,1,89,2.8,82,1907.99
1103,12.3,1.1,6,4,1,0,1,8,0,0,9,0,256,0,0,1,71,1.2,41,1559.0
2,14.0,1.48,7,4,5,1,0,8,0,0,4,0,512,0,0,1,85,2.7,42,2089.0
583,17.3,2.7,11,1,5,1,0,8,0,0,4,0,256,0,0,1,89,2.8,63,1349.0
1257,14.0,1.7,10,3,5,1,0,8,0,0,4,0,256,0,0,1,59,2.3,38,1186.0
848,15.6,2.18,4,3,5,1,0,4,0,0,4,1000,0,0,0,1,63,2.5,42,657.0
112,13.3,1.34,1,4,8,0,0,8,0,0,2,0,0,256,0,1,55,1.8,40,1158.7
1013,15.6,2.2,0,3,5,1,0,8,1,0,4,0,256,0,0,1,93,1.8,79,841.0
1203,15.6,2.0,2,3,2,1,0,4,0,0,4,0,256,0,0,1,63,2.5,42,559.0
1166,17.3,2.8,4,3,5,1,0,8,1,0,4,1000,0,0,0,1,72,1.6,5,979.0
435,14.0,1.42,10,0,5,0,1,16,0,0,10,0,1000,0,0,1,85,2.7,42,2824.0
633,14.0,1.5,2,3,5,1,0,4,0,0,4,0,0,32,0,2,33,1.1,34,298.0
43,15.6,1.86,7,3,5,1,0,8,0,0,4,1000,0,0,0,1,63,2.5,42,639.0
825,13.3,1.05,16,3,5,1,0,4,0,0,4,0,0,0,0,1,63,2.5,42,1285.0
329,17.3,2.9,2,1,5,1,0,16,0,0,4,1000,256,0,0,1,89,2.8,66,2122.0
602,15.6,1.95,10,3,5,1,0,8,1,0,4,0,256,0,0,1,63,2.5,42,1390.0
878,12.5,1.3,10,4,5,0,0,8,1,0,0,0,180,0,0,1,59,2.3,38,1099.0
70,17.3,3.4,10,3,5,1,0,8,1,0,4,0,256,0,0,1,89,2.8,90,2999.0
770,15.6,2.65,4,1,5,1,0,16,1,0,4,1000,0,0,0,1,89,2.8,63,1349.0
965,15.6,1.98,4,3,2,1,0,8,0,0,4,0,256,0,0,1,85,2.7,61,895.01
570,14.0,1.45,0,3,1,0,0,4,0,0,1,0,0,32,0,2,29,1.6,36,375.0
282,14.0,1.5,10,3,5,0,0,2,0,0,1,0,0,64,0,2,30,1.6,31,229.0
7,15.6,1.9,7,3,5,1,0,8,0,0,4,1000,0,0,0,1,85,2.7,0,1269.0
120,14.0,1.25,2,4,5,1,0,8,0,0,4,0,256,0,0,1,93,1.8,50,1099.0
189,15.6,2.2,2,1,5,1,0,16,1,0,4,1000,0,0,0,1,89,2.8,65,1449.0
301,14.0,1.3,2,4,5,1,0,16,0,0,4,0,512,0,0,1,93,1.8,79,1495.0
490,15.6,1.86,7,3,4,0,0,4,0,0,1,500,0,0,0,1,63,2.5,42,393.9
913,15.6,2.3,4,3,2,0,0,8,0,0,1,1000,0,0,0,1,85,2.7,18,805.99
296,14.0,1.63,7,0,5,1,1,4,1,0,4,0,0,0,0,1,51,2.4,59,699.0
1078,14.0,1.54,7,3,7,1,0,4,0,0,4,0,256,0,0,1,59,2.3,38,1099.99
577,15.6,2.24,4,3,7,0,0,4,0,0,1,500,0,0,0,1,59,2.3,14,769.15
452,10.1,0.69,10,0,0,0,1,4,1,0,5,0,0,64,0,1,27,1.44,32,549.0
841,12.5,1.26,7,4,5,1,0,8,0,0,4,0,256,0,0,1,77,2.5,38,1349.0
356,17.3,4.42,4,1,5,0,0,16,1,0,10,1000,256,0,0,1,90,2.9,66,2799.0
267,15.6,2.2,10,3,4,0,0,8,0,0,1,0,256,0,0,1,48,2.0,55,499.0
425,15.6,1.96,7,3,5,0,0,4,0,0,1,1000,0,0,0,4,99,1.6,33,500.0
465,15.6,2.0,7,5,5,1,0,8,1,0,4,0,0,0,0,1,82,2.7,81,2249.0
755,13.0,1.05,8,4,5,1,0,8,1,0,6,0,256,0,0,1,63,2.5,42,1349.0
754,15.6,3.2,10,1,5,1,0,16,1,0,4,1000,512,0,0,1,89,2.8,65,1749.0
598,14.0,1.64,7,3,5,0,0,4,0,0,1,500,0,0,0,1,51,2.4,42,684.0
48,15.6,2.1,7,3,5,1,0,8,0,0,4,1000,0,0,0,1,72,1.6,50,794.0
434,14.0,1.8,0,3,5,1,0,4,1,0,4,0,0,0,0,1,51,2.4,42,636.0
328,15.6,2.2,16,3,5,1,0,8,1,0,4,0,256,0,0,1,77,2.5,38,1399.0
1051,11.6,1.15,15,2,1,0,0,4,0,0,1,0,0,16,0,2,32,1.6,32,269.0
248,15.6,2.1,16,3,5,0,0,4,0,0,1,500,0,0,0,1,47,2.2,38,447.0
100,14.0,1.6,4,3,5,1,0,8,0,0,4,0,0,0,0,1,63,2.5,43,1119.0
575,15.6,1.9,10,3,4,0,0,4,0,0,1,1000,0,0,0,1,48,2.0,18,368.0
561,15.6,2.2,4,3,2,1,0,8,0,0,4,0,256,0,0,1,72,1.6,4,677.35
814,15.6,2.3,10,3,5,1,0,8,0,0,4,0,256,0,0,1,59,2.3,38,1349.0
1028,14.0,1.7,10,3,4,1,0,8,1,0,4,0,256,0,0,1,52,2.7,42,599.0
453,15.6,2.5,10,1,5,1,0,8,1,0,4,1000,0,0,0,1,89,2.8,65,1189.0
68,15.6,2.18,4,3,2,0,0,4,0,0,1,1000,0,0,0,1,46,2.0,38,443.9
729,15.6,2.65,4,1,5,1,0,8,0,0,4,1000,0,0,0,1,66,2.5,62,999.0
759,14.0,1.47,16,3,5,1,0,4,1,0,4,0,0,0,0,1,59,2.3,38,1105.0
359,14.0,1.7,10,0,5,1,1,8,0,0,4,0,256,0,0,1,63,2.5,42,999.0
493,14.0,1.32,10,4,5,0,0,24,0,0,10,0,512,0,0,1,85,2.7,42,2382.0
692,15.4,1.83,1,4,8,0,0,16,1,0,12,0,256,0,0,1,75,2.8,7,2439.97
24,17.3,2.7,11,1,5,1,0,16,0,0,4,1000,256,0,0,1,89,2.8,63,1492.8
856,15.6,2.8,4,5,5,1,0,16,0,1,14,1000,256,0,0,1,101,3.0,82,3055.0
704,15.6,2.2,4,3,5,0,0,2,0,0,1,500,0,0,0,2,30,1.6,31,379.0
1171,15.6,2.1,10,3,5,0,0,4,0,0,1,500,0,0,0,1,59,2.3,38,540.0
354,17.3,2.9,2,1,5,1,0,16,0,0,4,1000,256,0,0,1,89,2.8,62,1407.0
590,15.6,3.21,4,1,5,1,0,16,0,0,4,1000,256,0,0,1,89,2.8,66,2774.63
413,15.6,1.8,10,3,5,1,0,4,0,0,4,0,256,0,0,1,72,1.6,50,829.0
1157,15.6,2.2,4,3,2,1,0,4,0,0,4,0,256,0,0,1,48,2.0,18,485.0
0,13.3,1.3,4,4,5,1,0,8,0,0,13,0,256,0,0,1,77,2.5,38,1268.0
626,17.3,2.7,11,1,5,1,0,8,0,0,4,1000,0,0,0,1,89,2.8,65,1486.77
677,14.0,1.63,7,3,5,1,0,8,0,0,4,0,256,0,0,1,93,1.8,50,988.0
637,13.3,1.4,4,4,5,1,0,8,1,0,4,0,256,0,0,1,93,1.8,5,955.0
1211,15.6,2.31,7,3,5,0,0,4,0,0,1,500,0,0,0,1,50,2.3,38,705.15
245,15.6,2.23,4,5,5,1,0,8,0,0,4,1000,0,64,0,1,101,3.0,89,1993.0
1094,14.0,1.8,10,0,5,1,1,4,1,0,4,0,0,0,0,1,77,2.5,38,638.0
388,15.6,2.06,4,3,5,1,0,16,0,0,4,0,512,0,0,1,89,2.8,62,1899.0
1280,13.9,1.38,10,0,5,1,1,8,1,0,4,0,256,0,0,1,85,2.7,42,1079.0
593,15.6,2.2,0,3,5,1,0,4,1,0,4,1000,0,0,0,1,72,1.6,79,613.0
352,17.3,3.2,2,1,5,1,0,8,0,0,4,1000,256,0,0,1,22,3.0,29,1299.0
955,15.6,2.2,4,3,5,1,0,4,0,0,4,0,256,0,0,1,48,2.0,18,498.9
713,14.0,1.9,10,3,5,1,0,8,1,0,4,0,256,0,0,1,63,2.5,42,938.0
379,15.6,2.1,7,3,5,1,0,8,1,0,4,1000,0,0,0,1,51,2.4,58,716.0
16,13.3,1.49,7,3,5,1,0,4,0,0,4,0,0,0,0,1,51,2.4,42,719.0
1005,15.6,1.84,7,3,5,1,0,8,0,0,4,0,256,0,0,1,77,2.5,38,1228.99
1053,15.6,2.2,10,3,5,1,0,4,0,0,4,0,0,0,0,4,100,1.1,35,349.0
669,13.9,1.38,10,0,5,1,1,8,1,0,4,0,256,0,0,1,85,2.7,42,1349.0
402,15.6,2.32,4,3,5,1,0,16,0,0,4,2000,0,0,0,1,85,2.7,24,989.99
849,12.0,0.92,1,4,3,0,0,8,1,0,8,0,0,256,0,1,37,1.1,39,1163.0
323,13.3,1.37,1,4,8,0,0,8,1,0,11,0,256,0,0,1,58,3.1,48,1803.6
615,13.3,1.29,7,3,1,1,0,4,0,0,13,0,0,32,0,2,96,1.5,37,615.0
389,15.6,2.3,10,3,5,1,0,8,0,0,4,0,256,0,0,1,63,2.5,42,830.0
1084,15.6,2.1,10,3,5,1,0,8,1,0,4,1000,256,0,0,1,72,1.6,27,1144.5
1261,15.6,2.8,11,1,5,1,0,16,1,0,4,1000,256,0,0,1,89,2.8,66,2099.0
562,17.3,2.83,4,3,2,1,0,8,0,0,4,1000,0,0,0,1,85,2.7,24,865.0
768,13.3,1.5,10,3,5,1,0,4,1,0,4,0,0,0,0,1,51,2.4,42,549.0
164,13.9,1.4,10,0,5,1,1,16,1,1,14,0,512,0,0,1,93,1.8,50,2099.0
525,14.0,1.5,10,3,1,0,0,4,0,0,1,0,0,16,0,4,35,1.6,32,325.0
134,15.6,2.65,4,1,5,1,0,16,1,0,4,1000,256,0,0,1,89,2.8,65,1499.0
743,15.6,2.3,2,1,5,1,0,8,1,0,4,1000,0,0,0,1,66,2.5,65,1649.0
821,15.6,2.2,10,3,5,1,0,4,0,0,4,0,0,0,0,1,48,2.0,38,499.0
836,15.6,2.4,16,3,5,1,0,16,1,0,4,0,256,0,0,1,79,2.6,56,1975.0
824,11.6,1.47,4,0,5,0,1,4,0,0,0,500,0,0,0,4,99,1.6,33,479.0
464,14.0,1.95,16,3,5,1,0,8,0,0,4,0,256,0,0,1,59,2.3,38,1180.0
410,15.6,2.3,4,3,5,1,0,16,0,0,4,0,256,0,0,1,85,2.7,24,1181.27
1302,15.6,2.1,10,3,5,1,0,8,1,0,4,0,256,0,0,1,93,1.8,27,1229.56
129,15.6,2.3,7,0,5,0,1,4,0,0,0,500,0,0,0,1,63,2.5,42,684.8
700,14.0,1.8,10,0,5,1,1,8,1,0,4,0,256,0,0,1,77,2.5,38,1669.0
127,15.6,1.85,10,3,5,1,0,4,0,0,4,1000,0,0,0,1,85,2.7,42,779.0
1228,15.6,1.63,2,4,5,1,0,16,0,0,4,0,512,0,0,1,85,2.7,59,1468.0
203,14.0,1.3,17,3,5,1,0,4,1,0,4,0,0,32,0,2,33,1.1,34,260.0
262,12.5,1.26,7,4,5,1,0,8,0,0,4,0,256,0,0,1,85,2.7,42,1335.0
883,17.3,4.42,4,1,5,1,0,32,0,0,4,1000,256,0,0,1,80,2.6,66,2800.0
976,14.0,1.7,10,4,5,1,0,16,0,0,4,0,512,0,0,1,85,2.7,42,2299.0
484,17.3,4.2,0,1,5,1,0,16,1,0,4,1000,256,0,0,1,89,2.8,66,2599.0
148,15.6,2.3,10,5,5,1,0,16,1,1,14,0,512,0,0,1,87,2.8,59,2445.0
893,15.6,2.1,7,3,5,1,0,4,1,0,4,500,0,0,0,1,85,2.7,5,689.0
798,15.6,2.1,0,3,5,0,0,4,0,0,1,1000,0,0,0,1,11,3.0,12,395.0
219,11.6,1.5,2,0,5,0,1,4,0,0,0,0,0,32,0,2,33,1.1,34,375.0
969,15.6,2.2,10,3,4,1,0,8,0,0,4,0,256,0,0,1,63,2.5,42,549.0
1046,15.6,2.23,0,3,5,1,0,4,0,0,4,1000,0,0,0,1,48,2.0,59,544.0
252,15.6,2.59,4,1,5,1,0,16,0,0,4,1000,0,0,0,1,80,2.6,72,879.01
796,13.3,1.19,10,0,5,1,1,8,1,0,4,0,512,0,0,1,93,1.8,50,1499.0
220,15.6,2.06,4,3,5,1,1,32,0,1,14,0,1000,0,0,1,89,2.8,62,2639.0
882,17.3,2.5,7,3,5,1,0,16,0,0,4,0,512,0,0,1,93,1.8,58,1271.0
1016,15.6,2.4,11,1,5,1,0,8,0,0,4,0,256,0,0,1,66,2.5,62,1199.0
403,15.6,2.1,0,3,5,0,0,4,0,0,1,0,0,0,0,1,11,3.0,12,426.0
292,14.0,1.32,10,4,5,1,0,8,1,0,4,0,256,0,0,1,63,2.5,42,1799.0
571,14.0,1.7,10,4,7,1,0,8,0,0,4,0,256,0,0,1,79,2.6,38,1499.0
360,15.6,2.2,10,3,4,1,0,4,0,0,4,0,256,0,0,1,48,2.0,38,444.0
1026,15.6,2.4,0,3,2,1,0,8,0,0,4,1000,0,0,0,1,89,2.8,62,779.0
141,13.3,1.31,15,4,5,1,1,8,0,0,4,0,256,0,0,1,85,2.7,42,1599.0
1065,15.6,2.0,16,3,5,0,0,4,0,0,1,500,0,0,0,1,51,2.4,42,489.0
471,15.6,2.2,4,3,5,1,0,8,0,0,4,0,256,0,0,1,72,1.6,5,797.41
1017,17.3,2.73,2,1,5,1,0,16,0,0,4,1000,256,0,0,1,89,2.8,65,2049.9
600,15.6,1.8,4,3,5,0,0,4,0,0,1,500,0,0,0,2,31,1.6,32,309.0
1011,11.6,1.3,0,2,1,0,0,2,0,0,1,0,32,0,0,2,28,1.5,31,174.0
643,13.3,1.1,2,4,5,1,1,16,0,0,4,0,512,0,0,1,85,2.7,42,1748.9
553,13.3,1.4,4,4,5,1,0,4,1,0,4,0,256,0,0,1,72,1.6,5,818.35
1086,15.6,2.2,10,3,4,0,0,4,0,0,1,1000,0,0,0,4,100,1.1,35,359.99
1059,15.6,2.18,4,3,2,1,0,4,0,0,4,0,0,0,0,1,63,2.5,16,569.0
288,13.3,1.49,7,3,5,1,0,4,1,0,4,0,0,0,0,1,72,1.6,50,726.0
230,15.6,1.86,7,3,5,0,0,4,0,0,1,500,0,0,0,1,14,1.8,9,297.0
611,13.3,1.49,7,3,5,0,0,4,0,0,1,500,0,0,0,1,51,2.4,42,800.0
911,15.6,2.1,7,3,5,0,0,4,0,0,1,500,0,0,0,1,16,1.5,8,330.0
1212,15.6,1.84,7,3,5,1,0,8,0,0,4,0,256,0,0,1,85,2.7,42,1219.0
1139,15.6,2.2,10,3,4,1,0,8,0,0,4,1000,0,0,0,1,85,2.7,54,685.0
1226,14.0,1.6,4,3,5,1,0,8,0,0,4,0,256,0,0,1,63,2.5,42,859.0
418,13.3,1.11,7,3,5,1,0,8,1,0,4,0,256,0,0,1,63,2.5,42,1149.0
162,14.0,1.63,2,3,5,0,0,4,0,0,1,0,0,32,0,2,33,1.1,34,299.0
49,11.6,1.16,12,0,5,1,1,4,1,0,4,0,32,0,0,2,33,1.1,34,299.0
980,15.6,2.1,7,3,4,1,0,4,0,0,4,500,0,0,0,1,48,2.0,38,349.0
970,15.6,2.94,11,1,5,1,0,16,0,0,4,1000,256,0,0,1,80,2.6,65,1819.0
367,15.6,1.86,7,3,5,1,0,8,0,0,4,0,256,0,0,1,63,2.5,42,690.0
239,15.6,1.86,7,3,4,1,0,4,0,0,4,500,0,0,0,1,48,2.0,38,344.99
778,14.0,1.27,10,0,5,0,1,8,1,0,10,0,256,0,0,1,77,2.5,38,2339.0
17,15.6,2.09,4,3,2,0,0,4,0,0,1,500,0,0,0,1,59,2.3,38,523.63
784,12.5,1.5,4,4,7,0,0,8,0,0,1,0,256,0,0,1,59,2.3,38,1413.1
1121,13.3,1.1,2,0,5,1,1,8,0,0,4,0,256,0,0,1,72,1.6,42,1315.0
422,11.6,0.98,2,2,5,0,0,2,0,0,1,0,0,32,0,1,26,1.44,32,191.9
1042,17.3,3.35,7,1,5,1,0,12,0,0,4,1000,256,0,0,1,89,2.8,66,1999.0
842,15.6,2.06,4,3,5,1,1,8,0,1,14,0,256,0,0,1,66,2.5,62,1749.0
1260,15.6,2.1,10,3,5,0,0,4,0,0,1,500,0,0,0,1,48,2.0,38,489.9
460,15.6,3.14,7,5,5,1,0,8,0,0,4,0,256,0,0,1,89,2.8,84,2064.9
985,15.6,2.0,2,3,5,1,0,6,0,0,4,0,256,0,0,1,51,2.4,53,577.0
614,15.6,1.91,11,1,5,1,0,16,0,0,4,1000,0,0,0,1,80,2.6,75,2153.37
176,15.6,2.2,5,3,5,0,0,8,0,0,1,0,256,0,0,1,63,2.5,42,799.0
167,13.5,1.252,13,4,6,0,1,8,0,0,7,0,256,0,0,1,63,2.5,42,1340.0
78,15.6,2.2,10,3,5,1,0,4,0,0,4,500,0,0,0,4,100,1.1,35,344.0
1201,15.6,2.4,10,1,4,1,0,8,1,0,4,1000,256,0,0,1,89,2.8,65,1149.0
676,17.3,3.6,2,1,5,1,0,16,0,0,4,0,256,0,0,1,90,2.9,68,2999.0
1131,14.0,2.0,2,3,5,1,0,8,0,0,4,0,256,0,0,1,63,2.5,42,945.0
1220,15.6,2.6,10,1,5,1,0,8,1,0,4,1000,0,0,0,1,80,2.6,72,1272.0
511,11.6,1.17,7,2,5,0,0,2,0,0,1,0,0,32,0,2,32,1.6,32,209.0
1050,15.6,2.4,10,3,5,1,0,6,0,0,4,0,0,0,0,1,50,2.3,54,569.0
574,13.3,1.37,1,4,8,0,0,8,1,0,11,0,256,0,0,1,56,2.3,47,1518.55
1108,17.3,4.3,2,1,5,1,0,16,1,0,4,1000,0,0,0,1,80,2.6,76,2299.0
331,17.3,2.99,2,1,5,1,0,16,0,0,4,1000,256,0,0,1,89,2.8,63,1749.0
380,15.6,2.1,0,3,5,0,0,4,0,0,1,0,256,0,0,1,63,2.5,42,599.0
94,13.3,1.1,2,0,5,1,1,8,0,0,4,0,256,0,0,1,63,2.5,42,1358.0
1091,14.0,1.13,10,4,5,1,0,8,1,0,4,0,512,0,0,1,85,2.7,42,2499.0
533,15.6,2.1,16,3,5,0,0,4,0,0,1,0,0,0,0,1,49,2.1,38,498.0
1093,15.6,2.2,10,3,4,0,0,4,0,0,1,0,0,0,0,1,48,2.0,38,369.0
31,15.6,1.83,7,4,5,1,0,8,1,0,4,0,256,0,0,1,93,1.8,70,699.0
522,14.0,1.25,2,4,5,1,0,8,0,0,4,0,256,0,0,1,85,2.7,42,1049.0
470,15.6,2.0,2,3,5,0,0,8,0,0,4,0,0,0,0,2,97,1.1,35,581.9
950,15.6,2.36,4,3,2,1,0,16,0,0,4,0,256,0,0,1,85,2.7,24,899.0
1165,12.5,1.2,2,0,1,1,0,8,0,0,4,0,0,64,0,1,43,1.2,37,1159.0
1170,17.3,3.0,7,5,7,1,0,8,1,0,4,0,256,0,0,1,80,2.6,86,3949.4
735,15.6,2.17,4,5,5,1,0,16,1,0,4,0,256,0,0,1,82,2.7,89,1975.0
523,14.0,1.58,10,3,5,1,0,8,1,0,4,0,256,0,0,1,85,2.7,42,1480.0
681,15.6,2.32,10,3,4,1,0,8,0,0,4,1000,0,0,0,1,59,2.3,15,599.0
694,13.3,0.81,15,4,5,1,0,16,0,0,4,0,256,0,0,1,85,2.7,42,1649.0
728,12.0,0.92,1,4,8,0,0,8,1,0,8,0,256,0,0,1,44,1.2,41,1262.4
932,17.3,2.5,7,3,5,1,0,8,0,0,4,1000,0,0,0,1,72,1.6,57,896.0
873,15.6,2.5,2,1,5,1,0,8,0,0,4,0,256,0,0,1,89,2.8,62,999.0
144,17.3,2.5,7,3,5,1,0,8,1,0,4,1000,0,0,0,1,72,1.6,57,914.0
378,15.6,2.4,10,3,5,1,0,6,0,0,4,1000,0,0,0,1,63,2.5,42,564.0
982,15.6,2.04,7,3,5,0,1,8,0,0,0,1000,0,0,0,1,63,2.5,42,559.0
341,15.6,2.2,10,3,5,1,0,4,0,0,4,1000,0,0,0,1,85,2.7,54,799.0
311,17.3,3.2,2,1,5,1,0,16,0,0,4,1000,256,0,0,1,22,3.0,29,1549.0
953,17.3,2.63,7,3,5,0,0,8,0,0,3,1000,0,0,0,1,63,2.5,57,910.0
232,15.6,2.04,7,3,5,0,0,6,0,0,4,1000,0,0,0,1,48,2.0,18,539.0
983,15.6,1.9,10,3,4,0,0,4,0,0,1,0,0,0,0,2,33,1.1,34,270.62
165,17.3,3.0,10,3,5,0,0,8,0,0,3,1000,0,0,0,1,59,2.3,15,659.0
538,15.6,2.1,10,3,5,1,0,4,0,0,4,1000,0,0,0,1,63,2.5,42,621.45
1096,13.3,1.49,7,3,5,1,0,8,0,0,4,0,512,0,0,1,72,1.6,50,959.0
449,13.3,1.1,2,0,5,1,1,8,0,0,4,0,512,0,0,1,93,1.8,50,1499.0
1290,17.3,2.54,7,3,5,0,0,8,0,0,3,1000,0,0,0,1,48,2.0,38,489.0
665,15.6,1.9,10,3,4,0,0,4,0,0,1,1000,0,0,0,2,33,1.1,34,252.36
693,15.6,1.9,10,3,5,1,0,8,0,0,4,1000,0,0,0,1,63,2.5,2,813.0
270,15.6,2.2,4,3,5,0,0,4,0,0,1,1000,0,0,0,1,48,2.0,18,545.67
519,15.6,2.2,7,1,5,1,0,8,1,0,4,1000,0,0,0,1,89,2.8,62,1099.0
710,12.5,1.36,10,4,5,1,0,8,1,0,4,0,256,0,0,1,67,2.6,42,1760.0
236,14.0,1.63,7,3,5,1,0,8,0,0,4,0,256,0,0,1,72,1.6,42,860.0
1194,15.6,2.14,4,3,2,1,0,8,0,0,4,0,256,0,0,1,93,1.8,4,735.07
1075,14.0,1.45,17,3,5,0,0,2,0,0,1,0,0,32,0,1,23,1.44,32,210.8
498,17.3,3.35,7,1,5,1,0,8,1,0,4,1000,0,0,0,1,60,2.3,65,1129.0
135,15.6,2.0,2,3,5,1,0,8,0,0,4,1000,256,0,0,1,85,2.7,42,1224.0
1241,17.3,2.8,10,3,5,0,0,6,0,0,3,1000,0,0,0,1,63,2.5,69,649.0
67,12.5,1.26,7,4,5,1,0,4,0,0,4,500,0,0,0,1,59,2.3,38,1579.0
964,15.6,2.0,2,3,2,0,0,4,0,0,1,500,0,0,0,2,33,1.1,34,224.0
39,15.6,2.33,4,3,5,1,0,8,0,0,4,0,256,0,0,1,85,2.7,24,899.0
703,15.6,1.91,7,3,5,1,0,6,0,0,4,0,256,0,0,1,72,1.6,4,619.0
568,12.5,1.36,4,4,5,1,1,8,0,0,4,0,256,0,0,1,63,2.5,31,1472.2
563,14.0,1.32,10,4,5,1,0,8,1,0,4,0,256,0,0,1,63,2.5,42,1499.0
591,15.6,2.08,10,0,5,1,1,8,0,0,4,0,256,0,0,1,63,2.5,25,959.0
921,15.6,2.2,4,3,5,1,0,8,0,0,4,2000,0,0,0,1,93,1.8,5,985.0
481,17.3,3.0,2,1,2,1,0,12,0,0,4,1000,0,0,0,1,89,2.8,63,949.0
1140,15.6,2.0,16,3,5,1,0,8,1,0,4,500,0,0,0,1,63,2.5,42,1064.0
249,15.6,1.78,4,5,5,1,0,8,0,0,4,0,256,0,0,1,89,2.8,82,2408.0
510,14.0,1.6,0,4,5,1,0,8,1,0,4,0,256,0,0,1,93,1.8,50,884.0
455,15.6,2.3,4,3,5,0,1,8,0,0,0,1000,0,0,0,1,51,2.4,42,469.01
767,12.5,1.1,16,4,5,1,1,8,0,0,4,0,512,0,0,1,85,2.7,42,1790.0
225,15.6,2.1,10,3,5,0,0,4,0,0,1,0,0,0,0,1,46,2.0,38,429.0
963,13.3,1.65,4,3,5,0,0,4,0,0,1,500,0,0,0,1,48,2.0,38,849.0
208,14.0,1.8,10,0,5,1,1,4,1,0,4,0,0,0,0,1,77,2.5,38,638.0
150,15.6,2.0,2,3,5,0,0,4,0,0,1,0,256,0,0,1,63,2.5,42,586.19
850,15.6,1.63,7,3,5,0,0,4,0,0,1,0,0,0,0,1,48,2.0,38,689.0
196,13.3,1.3,10,0,5,1,1,8,1,0,4,0,256,0,0,1,63,2.5,42,1034.0
1031,15.6,2.04,7,3,5,1,0,4,0,0,4,500,0,0,0,1,51,2.4,42,685.0
597,14.0,1.7,11,1,5,1,0,16,0,0,4,1000,256,0,0,1,80,2.6,75,1769.0
105,15.6,2.04,7,3,5,0,0,8,0,0,1,1000,0,0,0,1,62,2.5,57,846.5
646,15.6,2.2,10,3,5,1,0,4,0,0,4,500,0,0,0,1,48,2.0,38,409.0
843,15.6,2.0,2,3,2,0,0,4,0,0,1,1000,0,0,0,4,100,1.1,35,398.99
303,13.3,1.62,4,0,5,1,1,8,0,0,4,0,256,0,0,1,93,1.8,50,869.01
1,15.6,2.06,4,3,5,0,0,4,0,0,1,500,0,0,0,1,50,2.3,38,481.98
815,15.6,2.3,4,3,5,0,0,6,0,0,1,1000,0,0,0,1,51,2.4,42,459.0
444,13.3,1.27,2,0,5,1,1,8,1,0,4,0,256,0,0,1,63,2.5,42,928.0
1149,13.3,1.4,10,3,5,1,0,8,1,0,4,0,256,0,0,1,51,2.4,42,949.0
678,17.3,2.9,7,3,5,1,0,16,1,0,4,1000,0,0,0,1,93,1.8,79,1059.0
271,15.6,2.5,10,3,5,1,0,16,0,0,4,0,0,0,1000,1,77,2.5,21,1099.0
607,15.6,1.8,11,1,5,1,0,16,0,0,4,1000,256,0,0,1,89,2.8,65,2094.48
731,15.6,2.06,4,3,5,1,1,16,0,1,14,0,512,0,0,1,89,2.8,62,2397.0
642,17.3,3.0,2,1,5,1,0,8,0,0,4,1000,0,0,0,1,89,2.8,62,1187.0
121,15.6,2.65,4,1,5,1,0,8,0,0,4,0,256,0,0,1,66,2.5,65,1195.0
499,17.3,3.0,2,1,5,1,0,8,0,0,4,1000,0,0,0,1,66,2.5,62,938.0
997,15.6,2.2,2,3,5,0,0,4,0,0,1,500,0,0,0,1,77,2.5,53,720.32
1270,15.6,2.56,4,1,5,1,0,8,0,0,4,1000,0,0,0,1,66,2.5,62,819.0
1301,15.6,2.06,4,3,5,1,0,8,0,0,4,1000,0,0,0,1,63,2.5,42,955.0
344,15.6,2.62,4,1,5,1,0,8,0,1,14,1000,0,0,0,1,89,2.8,63,1498.0
748,15.6,2.06,4,3,5,1,1,16,0,1,14,0,1000,0,0,1,89,2.8,62,2399.0
786,17.3,2.5,7,3,5,0,0,8,0,0,3,0,256,0,0,1,48,2.0,38,639.9
163,15.6,2.4,10,1,5,1,0,8,1,0,4,1000,0,0,0,1,66,2.5,62,819.0
187,15.6,2.37,2,3,5,1,0,8,0,0,4,1000,0,0,0,1,63,2.5,42,749.0
550,15.6,2.29,4,3,5,0,0,4,0,0,1,500,0,0,0,1,48,2.0,38,490.0
696,15.6,1.86,7,3,5,0,0,4,0,0,1,0,256,0,0,1,5,2.5,11,369.0
1294,15.6,1.86,7,3,5,0,0,4,0,0,1,500,0,0,0,1,63,2.5,42,485.0
1113,15.6,1.8,2,4,5,1,0,16,0,0,4,0,512,0,0,1,89,2.8,63,1983.0
1186,11.6,1.4,7,0,1,0,1,4,0,0,0,0,0,32,0,2,33,1.1,34,615.0
174,15.6,1.93,4,3,5,1,0,16,0,0,4,0,512,0,0,1,67,2.6,42,1426.66
1195,13.3,1.48,7,0,5,1,1,8,0,0,4,0,256,0,0,1,61,2.4,38,1629.0
576,15.6,2.4,0,3,5,0,0,4,0,0,1,500,0,0,0,1,48,2.0,38,410.8
57,15.6,1.86,7,3,5,1,0,4,0,0,4,0,256,0,0,4,99,1.6,33,398.99
569,13.3,1.5,16,3,5,0,0,8,0,0,1,0,256,0,0,1,59,2.3,38,1210.0
10,17.3,2.73,2,1,5,1,0,16,0,0,4,1000,512,0,0,1,80,2.6,65,1799.0
1038,17.3,2.8,4,3,2,1,0,8,0,0,4,1000,0,0,0,1,93,1.8,5,1099.0
699,14.0,2.1,10,3,5,0,0,4,0,0,1,500,0,0,0,2,33,1.1,34,299.0
458,14.0,1.48,7,3,5,0,0,4,0,0,1,0,256,0,0,1,61,2.4,38,1099.99
244,17.3,2.7,11,1,5,1,0,8,0,0,4,1000,256,0,0,1,89,2.8,63,1199.0
738,11.6,1.17,7,2,5,0,0,2,0,0,1,0,0,32,0,2,32,1.6,32,209.0
37,15.6,2.3,4,3,5,0,0,6,0,0,1,1000,0,0,0,1,51,2.4,42,459.0
732,15.6,2.04,7,3,5,0,0,6,0,0,1,1000,0,0,0,1,85,2.7,42,579.0
1173,14.0,1.75,10,3,5,1,0,8,1,0,4,0,256,0,0,1,72,1.6,27,1116.02
113,17.3,2.63,7,3,5,1,0,8,0,0,4,0,256,0,0,1,85,2.7,57,1200.0
1146,15.6,2.02,4,3,5,1,0,8,0,0,4,2000,256,0,0,1,93,1.8,5,1142.4
1100,15.6,2.4,0,3,5,1,0,8,0,0,4,1000,256,0,0,1,63,2.5,71,799.0
407,14.0,1.5,10,3,4,1,0,8,1,0,4,0,512,0,0,1,85,2.7,25,799.0
1256,15.6,1.91,7,3,5,1,0,8,1,0,4,1000,0,0,0,1,85,2.7,59,979.0
269,15.6,2.24,4,3,7,0,0,4,0,0,1,500,0,0,0,1,59,2.3,38,737.0
404,15.6,2.4,0,3,2,0,0,4,0,0,1,500,0,0,0,2,32,1.6,32,289.0
897,14.0,1.75,10,3,5,1,0,8,1,0,4,0,256,0,0,1,72,1.6,50,1049.0
436,15.6,2.31,7,5,5,1,0,8,1,0,4,0,512,0,0,1,91,2.9,42,1534.0
717,15.6,1.7,2,4,5,1,0,8,0,0,4,0,256,0,0,1,63,2.5,59,977.0
595,15.6,2.2,4,3,2,0,0,4,0,0,1,500,0,0,0,4,99,1.6,31,324.0
276,13.3,1.45,2,4,5,1,0,8,0,0,4,0,256,0,0,1,77,2.5,38,1280.0
812,12.3,1.1,6,4,1,0,1,16,0,0,9,0,512,0,0,1,92,1.3,41,2199.0
497,15.6,2.2,4,3,2,0,0,4,0,0,1,500,0,0,0,2,32,1.6,31,274.9
85,17.3,2.8,4,3,2,1,0,8,1,0,4,1000,0,0,0,1,72,1.6,5,889.0
557,17.3,2.5,7,3,5,1,0,8,0,0,4,1000,0,0,0,1,72,1.6,57,977.0
757,15.6,2.3,10,3,5,1,0,8,1,0,4,0,256,0,0,1,63,2.5,59,1011.99
564,15.6,2.36,4,3,5,1,0,8,0,0,4,0,256,0,0,1,63,2.5,24,889.0
895,15.6,2.23,0,3,5,1,0,4,0,0,4,1000,0,0,0,1,63,2.5,59,616.0
365,12.5,1.26,7,4,5,0,0,4,0,0,1,0,256,0,0,1,63,2.5,42,1559.0
769,14.0,1.7,10,3,7,1,0,8,0,0,4,0,180,0,0,1,59,2.3,38,1199.0
324,13.3,1.5,0,0,5,1,1,8,1,0,4,0,256,0,0,1,72,1.6,50,847.0
844,13.3,0.81,15,4,5,1,0,8,0,0,4,0,256,0,0,1,63,2.5,42,1499.0
924,15.6,2.2,4,3,5,1,0,8,0,0,4,0,256,0,0,1,93,1.8,5,919.0
221,17.3,2.9,11,1,5,1,0,16,0,0,4,1000,256,0,0,1,89,2.8,66,2029.0
348,13.3,1.21,4,4,5,1,1,8,1,1,14,0,256,0,0,1,93,1.8,50,1949.0
229,15.6,2.1,0,3,5,0,0,6,0,0,1,1000,0,0,0,1,11,3.0,12,409.0
168,15.6,2.18,4,3,5,1,0,8,0,0,4,0,256,0,0,1,63,2.5,42,795.0
74,15.4,1.83,1,4,8,0,0,16,1,0,12,0,512,0,0,1,74,2.7,6,2537.45
405,15.6,2.4,10,1,5,1,0,16,0,0,4,0,512,0,0,1,89,2.8,63,1199.0
760,15.6,2.05,10,3,5,1,0,8,0,0,4,0,256,0,0,1,72,1.6,50,739.0
941,13.3,1.29,7,0,5,1,1,8,1,1,14,0,256,0,0,1,72,1.6,50,1499.0
868,15.6,3.49,4,1,5,1,0,16,0,0,4,1000,256,0,0,1,90,2.9,66,2813.75
65,15.6,2.4,10,3,5,1,0,4,0,0,4,1000,0,0,0,1,63,2.5,53,609.0
314,15.6,2.4,11,1,5,1,0,8,0,0,4,1000,0,0,0,1,80,2.6,73,1229.0
1034,14.0,1.7,10,3,5,1,0,4,0,0,4,0,256,0,0,1,63,2.5,42,699.0
1114,15.6,2.56,4,1,5,1,0,8,0,0,4,1000,0,0,0,1,89,2.8,62,1060.49
1175,15.6,1.99,10,3,5,1,0,8,1,0,4,0,512,0,0,1,85,2.7,42,1729.0
321,15.6,2.1,10,3,5,0,0,4,0,0,1,0,0,0,0,1,59,2.3,38,493.0
467,14.0,1.54,7,3,5,1,0,4,0,0,4,500,0,0,0,1,59,2.3,38,1000.0
1022,13.3,1.21,4,4,5,1,1,16,1,1,14,0,1000,0,0,1,93,1.8,50,2499.0
629,15.6,2.2,10,3,5,1,0,6,0,0,4,0,256,0,0,1,63,2.5,42,579.0
433,15.6,2.5,10,1,5,1,0,8,1,0,4,1000,0,0,0,1,89,2.8,62,1048.0
1169,13.3,1.3,10,0,5,1,1,16,1,0,13,0,512,0,0,1,77,2.5,38,1499.0
741,13.3,1.29,4,4,5,1,1,8,0,0,13,0,256,0,0,1,85,2.7,42,1477.0
131,15.6,2.45,2,1,5,1,0,8,0,0,4,1000,0,0,0,1,20,3.0,28,699.0
1035,15.6,2.0,2,3,5,1,0,4,0,0,4,1000,0,0,0,2,33,1.1,34,344.0
1130,15.6,1.9,4,3,5,0,0,4,0,0,1,500,0,0,0,1,63,2.5,42,825.0
787,17.3,2.7,2,1,5,1,0,8,1,0,4,1000,256,0,0,1,89,2.8,65,1599.0
1092,15.6,2.0,2,3,5,0,0,4,0,0,1,500,0,0,0,1,14,1.8,9,349.0
1058,15.6,2.4,0,3,5,1,0,12,0,0,4,1000,0,0,0,1,63,2.5,71,1009.0
1132,15.6,2.19,7,3,5,0,0,6,0,0,1,1000,0,0,0,1,77,2.5,15,764.0
335,15.6,2.34,2,1,5,1,0,16,1,0,4,1000,256,0,0,1,80,2.6,66,2325.0
847,17.3,2.79,10,3,5,0,0,4,0,0,3,1000,0,0,0,1,63,2.5,54,589.0
999,14.0,1.13,10,4,5,0,0,8,1,0,10,0,512,0,0,1,85,2.7,42,2282.0
1275,13.3,1.6,0,3,5,0,0,4,0,0,1,0,0,0,0,1,59,2.3,38,655.0
1079,13.5,1.252,13,4,6,0,1,4,0,0,7,0,0,0,0,1,45,2.2,41,989.0
3,13.3,1.28,7,0,5,1,1,4,0,0,4,0,256,0,0,1,63,2.5,42,1700.0
107,15.6,2.2,10,3,5,0,0,4,0,0,1,1000,0,0,0,4,100,1.1,35,309.0
119,15.6,2.29,10,3,5,0,0,8,0,0,1,1000,0,0,0,1,50,2.3,38,459.0
393,15.6,2.62,7,1,5,1,0,8,1,0,4,1000,0,0,0,1,89,2.8,62,899.0
1120,15.6,2.6,10,3,5,1,0,8,1,0,4,1000,0,0,0,1,80,2.6,73,899.0
58,13.3,1.23,4,4,5,1,0,8,0,0,4,0,256,0,0,1,72,1.6,50,1399.0
594,13.3,1.37,1,4,8,0,0,8,1,0,11,0,512,0,0,1,57,2.9,46,1958.9
864,15.6,2.18,4,3,5,1,0,8,0,0,4,1000,0,0,0,1,63,2.5,42,836.0
11,14.0,1.42,10,3,5,0,0,2,0,0,1,0,0,32,0,2,32,1.6,32,249.0
274,14.0,1.64,7,3,5,0,0,4,0,0,1,500,0,0,0,1,63,2.5,42,779.0
442,13.3,1.29,4,4,5,1,0,8,0,0,4,0,256,0,0,1,85,2.7,42,1458.0
686,15.6,2.3,4,3,5,0,0,4,0,0,1,0,0,0,0,1,46,2.0,23,499.0
1243,13.3,1.29,4,4,5,1,0,8,0,0,4,0,256,0,0,1,63,2.5,42,1499.0
406,15.6,2.18,4,3,5,0,0,4,0,0,1,1000,0,0,0,1,51,2.4,42,586.6
30,15.6,1.86,7,3,4,0,0,4,0,0,1,500,0,0,0,2,32,1.6,32,259.0
1039,17.3,4.2,0,1,5,1,0,16,1,0,4,1000,0,0,0,1,80,2.6,65,1935.0
1144,17.3,3.8,2,1,5,1,0,32,1,0,4,0,512,0,0,1,81,2.7,68,2799.0
429,13.3,1.28,18,4,5,1,0,8,1,0,4,0,256,0,0,1,59,2.3,59,935.0
320,18.4,4.4,11,1,5,1,0,32,0,0,4,1000,512,0,0,1,83,2.9,51,2799.0
664,15.6,2.19,0,3,1,0,0,2,0,0,1,0,16,0,0,2,28,1.5,31,199.0
1008,15.6,2.2,10,3,5,1,0,4,0,0,4,0,0,0,0,1,5,2.5,3,399.0
698,15.6,2.1,7,3,4,0,0,4,0,0,1,500,0,0,0,1,59,2.3,38,476.99
340,15.6,2.56,4,1,5,1,0,8,0,0,4,0,256,0,0,1,66,2.5,62,879.0
1244,13.3,1.49,7,3,5,1,0,4,1,0,4,500,0,0,0,1,72,1.6,50,675.0
916,14.0,1.47,16,4,5,1,0,16,1,0,4,0,512,0,0,1,79,2.6,56,1764.0
387,13.3,1.28,7,0,5,1,1,16,0,0,4,0,256,0,0,1,87,2.8,42,1975.0
101,15.6,2.3,4,3,5,0,0,6,0,0,1,1000,0,0,0,1,51,2.4,42,459.0
177,15.6,2.5,10,1,5,1,0,8,1,0,4,1000,0,0,0,1,89,2.8,63,1249.0
680,15.6,2.2,0,3,5,1,0,8,0,0,4,0,256,0,0,1,85,2.7,59,832.0
414,13.3,1.21,4,4,5,1,1,8,1,1,14,0,0,0,0,1,72,1.6,50,1599.0
1019,15.6,2.7,0,1,5,1,0,8,1,0,4,1000,0,0,0,1,89,2.8,62,1260.0
390,15.6,2.2,10,3,4,0,0,8,0,0,1,2000,0,0,0,1,63,2.5,59,549.0
959,17.3,2.43,11,1,5,1,0,16,0,0,4,2000,256,0,0,1,89,2.8,66,2449.0
447,15.0,1.17,15,4,5,1,0,8,0,0,4,0,256,0,0,1,85,2.7,42,1699.0
1090,15.6,2.3,10,3,5,0,0,4,0,0,1,0,0,0,0,1,46,2.0,38,565.0
216,15.6,1.9,10,3,5,1,0,8,0,0,4,1000,0,0,0,1,63,2.5,18,817.95
852,15.6,2.2,10,3,4,1,0,4,0,0,4,0,0,0,0,1,63,2.5,42,468.0
1141,15.6,2.62,4,1,5,1,0,8,0,0,4,1000,0,0,0,1,89,2.8,64,1199.0
952,15.6,1.9,4,4,5,1,0,8,0,0,4,1000,0,0,0,1,72,1.6,5,663.0
1284,14.0,1.87,10,3,5,1,0,4,0,0,4,500,0,0,0,1,63,2.5,42,785.0
450,17.3,4.3,2,1,5,1,0,16,0,0,4,1000,256,0,0,1,89,2.8,76,1799.0
691,14.0,1.64,7,3,5,1,0,8,0,0,4,0,256,0,0,1,63,2.5,57,1049.26
830,17.3,2.71,7,3,5,1,0,6,1,0,4,2000,0,0,0,1,63,2.5,4,699.0
832,13.3,1.5,16,3,5,1,0,8,1,0,4,0,256,0,0,1,63,2.5,42,973.0
683,15.6,2.31,7,3,5,1,0,8,0,0,4,0,256,0,0,1,59,2.3,38,1165.0
1183,15.6,2.0,2,3,5,0,0,4,0,0,1,1000,0,0,0,2,33,1.1,34,339.0
103,14.0,1.95,7,3,7,1,0,8,0,0,4,0,256,0,0,1,59,2.3,38,1195.0
123,13.3,1.12,0,4,5,1,0,8,1,0,4,0,256,0,0,1,70,1.2,41,989.0
670,15.6,2.65,4,1,5,1,0,8,0,0,4,0,0,0,1000,1,66,2.5,62,949.0
56,13.3,1.2,12,3,5,1,0,4,1,0,4,0,32,0,0,4,36,1.1,34,369.0
1119,14.0,1.75,16,3,5,0,0,4,0,0,1,500,0,0,0,1,59,2.3,38,915.0
749,15.6,1.99,2,1,5,1,0,8,0,0,4,1000,0,0,0,1,89,2.8,62,1350.0
604,15.6,1.91,7,3,5,1,0,4,0,0,4,0,256,0,0,1,11,3.0,12,488.99
242,15.6,2.2,4,3,5,1,0,8,0,0,4,1000,0,0,0,1,72,1.6,5,719.0
284,15.6,1.54,10,4,5,1,0,6,0,0,4,0,256,0,0,1,85,2.7,53,831.0
988,12.5,1.26,7,4,5,0,0,4,0,0,1,0,256,0,0,1,59,2.3,38,1244.0
275,13.3,1.23,4,4,5,1,0,8,0,0,4,0,256,0,0,1,86,2.4,47,1379.0
1012,15.6,1.95,10,3,5,1,0,8,1,0,4,0,512,0,0,1,63,2.5,42,1962.99
774,15.6,2.02,4,3,5,1,0,8,0,0,4,2000,0,0,0,1,72,1.6,5,759.0
588,13.3,1.21,4,4,5,1,0,8,1,0,4,0,256,0,0,1,93,1.8,50,1649.0
1289,17.3,3.0,2,1,5,1,0,16,0,0,4,1000,256,0,0,1,89,2.8,77,1504.0
790,15.6,2.4,16,3,5,1,0,16,1,0,4,0,512,0,0,1,77,2.5,56,1403.0
13,15.6,2.4,0,3,5,0,0,4,0,0,1,500,0,0,0,4,100,1.1,35,380.0
840,15.6,2.0,10,0,5,1,1,16,1,1,14,0,512,0,0,1,89,2.8,62,1899.0
995,15.6,2.36,4,3,5,0,1,8,0,0,0,2000,0,0,0,1,63,2.5,42,557.37
647,15.6,1.89,3,3,5,1,0,4,0,0,4,0,0,64,0,1,26,1.44,31,248.9
400,17.3,2.77,4,0,5,1,1,12,0,0,4,1000,0,0,0,1,72,1.6,52,999.0
98,13.3,1.1,10,3,5,1,0,8,1,0,4,0,256,0,0,1,63,2.5,42,999.0
1292,17.3,2.7,11,1,5,1,0,16,0,0,4,1000,256,0,0,1,89,2.8,65,1598.0
202,17.3,3.0,7,5,7,1,0,16,1,0,4,0,256,0,0,1,102,2.9,83,4389.0
198,12.5,1.25,14,4,5,1,1,8,0,1,14,0,256,0,0,1,77,2.5,38,1029.0
1025,17.3,2.62,7,1,5,1,0,12,0,0,4,1000,0,0,0,1,89,2.8,65,1799.0
1232,14.0,1.64,4,3,5,1,0,8,0,0,4,0,256,0,0,1,68,2.8,57,1179.0
368,11.6,1.08,1,4,3,0,0,4,0,0,1,0,0,256,0,1,54,1.6,40,959.0
1107,13.3,1.3,10,0,5,1,1,16,1,0,13,0,1000,0,0,1,78,2.2,45,1799.0
1153,17.3,3.0,0,3,5,1,0,4,1,0,4,0,256,0,0,1,52,2.7,78,702.0
859,15.6,1.89,3,3,5,1,0,4,0,0,4,0,0,64,0,1,25,1.44,31,244.99
190,12.5,1.5,4,4,7,0,0,4,0,0,1,500,0,0,0,1,50,2.3,38,1135.15
773,15.6,1.91,7,3,5,0,0,8,0,0,1,0,256,0,0,1,63,2.5,42,579.0
876,13.3,1.2,2,4,5,1,0,8,1,0,13,0,256,0,0,1,63,2.5,42,1129.0
118,15.6,2.62,4,1,5,1,0,16,0,1,14,0,512,0,0,1,89,2.8,63,1679.0
246,15.6,2.24,4,3,5,1,0,8,0,0,4,1000,0,0,0,1,63,2.5,18,565.0
1069,15.6,1.88,7,3,7,0,0,4,0,0,1,500,0,0,0,1,59,2.3,38,932.0
1219,17.3,4.42,4,1,5,1,0,32,1,1,14,1000,512,0,0,1,89,2.8,66,3147.37
1030,11.6,1.45,7,0,5,0,1,4,0,0,0,0,256,0,0,4,100,1.1,35,775.0
589,13.3,1.24,4,0,5,1,1,8,0,0,13,0,512,0,0,1,92,1.3,41,2013.1
1106,15.6,2.2,10,3,5,1,0,6,0,0,4,0,256,0,0,1,4,3.6,5,549.0
1283,15.6,2.0,10,0,5,1,1,8,1,0,4,0,256,0,0,1,89,2.8,44,1299.0
1269,12.5,1.29,14,4,5,1,1,16,1,1,14,0,512,0,0,1,84,2.5,42,1799.0
1223,13.9,1.4,10,0,5,1,1,16,1,1,14,0,512,0,0,1,93,1.8,50,1849.0
161,17.3,2.71,7,3,5,1,0,4,0,0,4,500,0,0,0,1,5,2.5,5,439.0
124,14.0,2.0,2,3,5,1,0,4,0,0,4,0,256,0,0,1,51,2.4,42,769.0
1198,15.6,2.18,7,3,5,1,0,6,1,0,4,1000,0,0,0,1,80,2.6,73,799.0
204,13.3,1.49,7,3,5,1,0,8,0,0,4,0,512,0,0,1,93,1.8,50,1103.0
18,13.3,1.23,4,4,5,1,1,8,0,0,13,0,256,0,0,1,86,2.4,47,1379.0
84,15.6,2.2,0,3,5,1,0,8,0,0,4,1000,0,0,0,1,93,1.8,79,689.0
874,15.6,2.0,4,5,5,1,0,8,1,0,4,0,256,0,0,1,82,2.7,82,2135.0
222,13.3,1.41,4,4,5,1,0,8,0,0,4,0,256,0,0,1,72,1.6,50,949.0
1158,17.3,2.8,10,3,5,0,0,6,0,0,3,1000,0,0,0,1,85,2.7,59,949.0
1145,17.3,3.0,7,5,7,1,0,8,1,0,4,1000,0,0,0,1,80,2.6,1,2899.0
1272,15.6,2.3,4,3,5,0,1,6,0,0,0,1000,0,0,0,1,51,2.4,42,439.0
1207,14.0,1.5,2,3,5,0,0,4,0,0,1,0,0,32,0,2,33,1.1,34,286.0
430,14.0,1.4,12,3,5,1,0,4,1,0,5,32,0,0,0,1,24,1.92,32,265.0
1291,12.0,0.92,1,4,3,0,0,8,1,0,8,0,0,512,0,1,38,1.2,37,1279.0
491,14.0,1.4,10,4,5,1,0,12,1,0,4,0,256,0,0,1,79,2.6,38,1673.0
623,15.6,2.04,7,3,5,0,0,8,0,0,1,2000,0,0,0,1,2,2.5,20,629.0
147,15.6,2.2,4,3,5,1,0,4,0,0,4,0,256,0,0,1,72,1.6,5,749.0
33,13.3,1.44,10,3,5,1,0,4,1,0,4,0,180,0,0,1,51,2.4,42,735.0
943,13.3,1.2,16,3,7,1,0,4,0,0,4,0,0,0,0,1,59,2.3,38,1195.0
1253,13.3,1.37,10,0,5,1,1,8,1,0,4,0,512,0,0,1,85,2.7,42,1970.0
1097,14.0,1.36,4,4,5,1,0,8,0,0,4,0,256,0,0,1,63,2.5,42,1639.0
866,13.3,1.62,4,0,5,1,1,16,0,0,4,0,512,0,0,1,93,1.8,50,1279.0
558,15.6,2.1,7,3,5,1,0,16,0,0,4,0,512,0,0,1,93,1.8,50,1159.0
1085,10.1,0.69,10,0,0,0,1,4,1,0,5,0,0,64,0,1,27,1.44,32,319.0
1041,14.0,1.44,7,3,5,0,0,2,0,0,1,0,0,32,0,2,32,1.6,32,249.0
1277,15.6,2.5,2,3,5,1,0,8,0,0,4,1000,0,0,0,1,66,2.5,62,839.0
1082,17.3,4.6,10,1,5,1,0,32,1,0,4,1000,256,0,0,1,81,2.7,66,2663.0
73,17.3,3.49,14,1,5,1,1,32,0,1,14,0,512,0,0,1,90,2.9,68,5499.0
199,17.3,4.0,2,1,4,1,0,16,1,0,4,1000,0,0,0,1,80,2.6,74,998.0
1159,17.3,2.6,11,1,5,1,0,8,0,0,4,0,256,0,0,1,80,2.6,74,1599.0
1208,15.6,1.86,7,3,4,0,0,4,0,0,1,1000,0,0,0,2,32,1.6,32,288.9
579,15.6,2.2,0,3,5,1,0,4,0,0,4,500,0,0,0,1,85,2.7,59,639.0
302,13.3,1.34,7,4,5,1,0,8,1,0,4,0,512,0,0,1,85,2.7,42,1323.0
818,17.3,2.63,7,3,5,1,0,8,0,0,4,0,256,0,0,1,63,2.5,57,1080.0
1006,15.6,2.4,0,3,2,0,0,4,0,0,1,500,0,0,0,2,32,1.6,32,289.0
448,15.6,2.62,4,1,5,1,0,8,0,0,4,1000,0,0,0,1,89,2.8,62,1099.0
919,15.6,2.2,11,1,5,1,0,16,0,0,4,1000,256,0,0,1,89,2.8,63,1299.0
35,15.6,2.3,4,3,5,1,0,4,0,0,4,0,256,0,0,1,63,2.5,18,639.0
1045,15.6,2.18,4,3,5,1,0,8,0,0,4,0,256,0,0,1,63,2.5,42,750.0
596,15.6,2.18,4,3,2,0,0,4,0,0,1,1000,0,0,0,1,46,2.0,17,455.7
1218,14.0,1.36,10,0,5,0,1,8,1,0,10,0,256,0,0,1,59,2.3,38,1637.0
214,15.6,1.93,4,3,5,0,0,4,0,0,1,500,0,0,0,1,67,2.6,42,959.0
469,17.3,2.5,7,3,5,1,0,8,0,0,4,0,256,0,0,1,93,1.8,58,1045.0
933,15.6,2.18,4,3,5,1,0,4,0,0,4,1000,0,0,0,1,63,2.5,59,912.5
1249,14.0,1.4,12,3,5,1,0,4,0,0,4,0,32,0,0,1,26,1.44,31,249.0
803,15.6,2.2,4,3,5,1,0,8,0,0,4,0,256,0,0,1,85,2.7,18,745.0
372,15.6,2.4,0,3,2,0,0,4,0,0,1,500,0,0,0,2,32,1.6,32,289.0
1287,15.6,2.0,2,3,5,1,0,8,1,1,14,1000,256,0,0,1,85,2.7,73,1299.0
506,13.3,1.2,16,4,5,1,0,8,0,0,4,0,256,0,0,1,77,2.5,38,1363.0
775,17.3,2.2,2,1,5,1,0,12,0,0,4,1000,0,0,0,1,66,2.5,62,1369.9
281,14.0,1.48,7,3,5,1,0,4,0,0,4,0,256,0,0,1,63,2.5,42,1590.0
234,15.6,2.62,4,1,5,1,0,16,0,0,4,1000,256,0,0,1,89,2.8,63,1479.0
782,15.6,2.2,4,3,5,0,0,4,0,0,1,500,0,0,0,4,98,1.6,31,443.99
307,14.0,1.56,0,3,5,1,0,8,1,0,4,0,256,0,0,1,63,2.5,42,902.0
106,15.6,2.0,16,3,5,1,0,8,1,0,4,0,256,0,0,1,63,2.5,42,1258.0
504,15.6,1.86,7,3,5,1,0,8,0,0,4,0,256,0,0,1,48,2.0,38,539.0
1172,14.0,2.31,7,3,5,0,0,4,0,0,1,500,0,0,0,1,63,2.5,42,1189.0
1276,15.6,2.0,2,3,2,0,0,4,0,0,1,1000,0,0,0,2,33,1.1,34,274.99
228,15.6,2.2,2,3,5,0,0,4,0,0,1,500,0,0,0,1,77,2.5,53,720.32
424,15.6,2.04,7,3,5,1,0,4,0,0,4,0,256,0,0,1,63,2.5,42,839.0
740,15.6,2.04,7,3,5,0,0,4,0,0,1,0,256,0,0,1,63,2.5,42,979.0
415,15.6,2.1,7,3,5,1,0,4,0,0,4,0,0,0,0,1,51,2.4,42,705.5
116,17.3,2.8,2,3,5,0,0,4,0,0,3,1000,0,0,0,4,99,1.6,54,530.0
1009,13.3,1.62,4,3,5,1,1,8,0,0,4,1000,0,0,0,1,59,2.3,38,649.0
79,15.6,2.72,4,1,5,1,1,16,1,1,14,1000,0,0,0,1,80,2.6,73,1099.0
1234,15.6,1.91,7,3,5,1,0,4,0,0,4,0,256,0,0,1,7,2.5,4,478.89
272,14.0,1.13,10,4,5,1,0,8,1,0,4,0,0,256,0,1,63,2.5,42,1875.0
247,15.6,2.59,2,1,5,1,0,16,1,0,4,1000,0,0,0,1,80,2.6,73,1339.0
1178,17.3,4.42,4,1,5,1,0,16,1,0,4,1000,0,0,0,1,89,2.8,66,3012.77
409,13.3,1.6,4,0,5,1,1,8,1,0,4,0,256,0,0,1,63,2.5,42,1199.0
46,17.3,4.6,10,1,5,1,0,32,1,0,4,0,512,0,1000,1,81,2.7,76,3240.0
52,15.6,2.2,10,3,5,0,0,8,0,0,1,1000,0,0,0,1,4,3.6,19,429.0
855,13.3,1.44,10,3,5,1,0,8,0,0,4,0,256,0,0,1,63,2.5,42,949.0
1273,14.0,1.8,10,0,5,1,1,4,0,0,4,0,0,0,0,1,59,2.3,38,833.01
1095,15.6,1.68,2,3,5,0,0,4,0,0,1,1000,0,0,0,1,11,3.0,16,469.0
254,14.0,1.6,4,3,5,0,0,4,0,0,1,500,0,0,0,1,63,2.5,42,875.0
431,15.6,1.85,10,3,4,1,0,4,0,0,4,0,0,0,0,1,48,2.0,38,403.5
19,14.0,1.8,0,4,5,1,0,8,1,0,4,0,256,0,0,1,63,2.5,30,919.0
213,14.0,1.38,10,0,5,1,1,16,0,0,4,0,512,0,0,1,85,2.7,42,1749.0
339,14.0,1.65,10,3,5,1,0,8,0,0,4,0,256,0,0,1,63,2.5,42,1345.0
223,14.0,1.94,7,3,5,0,0,8,0,0,1,2000,0,0,0,4,99,1.6,33,389.0
456,12.0,0.92,1,4,3,0,0,8,1,0,8,0,0,256,0,1,37,1.1,37,1300.0
986,15.6,2.3,4,3,5,0,0,12,0,0,1,1000,0,0,0,1,85,2.7,42,713.07
253,15.6,2.1,10,3,4,0,0,4,0,0,1,500,0,0,0,1,59,2.3,38,398.0
4,15.6,2.04,7,3,5,1,0,6,0,0,4,0,0,0,1000,1,9,2.9,23,549.99
1134,15.6,2.2,10,3,5,1,0,4,0,0,4,0,256,0,0,1,10,2.9,5,399.0
1137,15.6,2.2,10,3,5,0,1,12,0,0,0,1000,0,0,0,1,93,1.8,42,609.0
137,13.3,1.3,18,4,4,1,0,8,1,0,4,0,256,0,0,1,63,2.5,79,999.9
1187,15.6,2.31,7,3,7,1,0,4,0,0,4,500,0,0,0,1,59,2.3,38,940.0
12,14.0,1.79,4,3,5,0,0,8,0,0,1,0,0,0,0,1,50,2.3,38,740.0
478,15.6,2.2,10,3,4,0,0,4,0,0,1,500,0,0,0,1,6,2.9,11,309.0
207,15.6,2.2,10,3,5,0,0,4,0,0,1,500,0,0,0,1,15,2.2,9,299.0
793,14.0,2.02,10,3,5,0,0,4,0,0,1,500,0,0,0,1,63,2.5,42,990.0
1133,15.6,2.65,4,1,5,1,0,16,1,1,14,1000,512,0,0,1,89,2.8,65,1845.0
266,15.6,1.95,18,3,4,1,0,8,1,0,4,0,256,0,0,1,72,1.6,79,1199.0
1052,15.6,2.5,10,5,5,1,0,16,1,1,14,0,1000,0,0,1,87,2.8,88,3299.0
241,15.6,2.19,7,3,5,0,0,6,0,0,1,1000,0,0,0,1,77,2.5,15,764.0
89,11.6,1.25,0,0,1,0,1,4,1,0,0,0,0,32,0,2,32,1.6,32,389.0
716,13.3,1.2,16,3,5,1,0,4,0,0,4,0,0,0,0,1,59,2.3,38,1195.0
517,15.6,2.4,0,3,5,0,0,8,0,0,1,1000,0,0,0,1,8,2.2,12,449.0
891,14.0,1.36,4,4,5,1,0,8,0,0,4,0,256,0,0,1,87,2.8,42,1775.0
1179,15.6,2.3,4,3,2,0,0,8,0,0,1,1000,0,0,0,1,85,2.7,18,805.99
